	n	dtp	twp	score
690	9	0.5	0.05	-89385951.8275
680	9	0.45	0.05	-89387732.6994
670	9	0.4	0.05	-89389694.9698
660	9	0.35	0.05	-89391599.8124
650	9	0.3	0.05	-89393755.3592
640	9	0.25	0.05	-89395664.2387
630	9	0.2	0.05	-89397598.6077
620	9	0.15	0.05	-89399659.7331
610	9	0.1	0.05	-89401783.5858
600	9	0.05	0.05	-89404284.8812
691	9	0.5	0.1	-89435273.815
681	9	0.45	0.1	-89436316.0563
671	9	0.4	0.1	-89437415.8411
661	9	0.35	0.1	-89438382.9076
651	9	0.3	0.1	-89439398.1893
641	9	0.25	0.1	-89440409.4679
631	9	0.2	0.1	-89441487.0453
621	9	0.15	0.1	-89442574.6566
611	9	0.1	0.1	-89443688.5323
601	9	0.05	0.1	-89445205.7397
692	9	0.5	0.15	-89471123.1053
682	9	0.45	0.15	-89471839.3767
672	9	0.4	0.15	-89472489.9825
662	9	0.35	0.15	-89473036.3712
652	9	0.3	0.15	-89473609.6162
642	9	0.25	0.15	-89474110.8941
632	9	0.2	0.15	-89474653.3197
622	9	0.15	0.15	-89475130.4685
612	9	0.1	0.15	-89475683.3539
602	9	0.05	0.15	-89476516.2933
693	9	0.5	0.2	-89502368.4559
683	9	0.45	0.2	-89502781.6501
673	9	0.4	0.2	-89503135.3026
663	9	0.35	0.2	-89503456.9894
653	9	0.3	0.2	-89503786.045
643	9	0.25	0.2	-89504061.9792
633	9	0.2	0.2	-89504342.4813
623	9	0.15	0.2	-89504670.7648
613	9	0.1	0.2	-89505016.0168
603	9	0.05	0.2	-89505664.4525
1240	11	0.05	0.5	-89518655.2114
1250	11	0.1	0.5	-89519171.3702
1260	11	0.15	0.5	-89519894.7855
1270	11	0.2	0.5	-89520677.3721
1280	11	0.25	0.5	-89521455.002
1290	11	0.3	0.5	-89522251.7139
1300	11	0.35	0.5	-89523026.2097
1310	11	0.4	0.5	-89523791.8079
1320	11	0.45	0.5	-89524543.4808
1330	11	0.5	0.5	-89525278.7675
1340	11	0.55	0.5	-89526000.0364
1350	11	0.6	0.5	-89526711.2204
1360	11	0.65	0.5	-89527414.8502
1370	11	0.7	0.5	-89528112.3532
1380	11	0.75	0.5	-89528804.5571
1390	11	0.8	0.5	-89529492.0963
1400	11	0.85	0.5	-89530175.3927
1410	11	0.9	0.5	-89530854.7961
694	9	0.5	0.25	-89544749.2039
684	9	0.45	0.25	-89544881.7283
674	9	0.4	0.25	-89544965.7361
664	9	0.35	0.25	-89545026.2001
654	9	0.3	0.25	-89545099.7447
644	9	0.25	0.25	-89545122.4946
634	9	0.2	0.25	-89545157.7268
624	9	0.15	0.25	-89545232.0359
614	9	0.1	0.25	-89545378.3158
604	9	0.05	0.25	-89545779.8924
1241	11	0.05	0.55	-89576825.9027
1251	11	0.1	0.55	-89577345.7653
1261	11	0.15	0.55	-89578073.2914
1271	11	0.2	0.55	-89578863.2433
1281	11	0.25	0.55	-89579647.1462
1291	11	0.3	0.55	-89580451.3595
1301	11	0.35	0.55	-89581231.6874
1311	11	0.4	0.55	-89582001.9175
1321	11	0.45	0.55	-89582758.4965
1331	11	0.5	0.55	-89583498.5087
1341	11	0.55	0.55	-89584224.3531
1351	11	0.6	0.55	-89584939.9302
1361	11	0.65	0.55	-89585647.7829
1371	11	0.7	0.55	-89586349.3734
1381	11	0.75	0.55	-89587045.5564
1391	11	0.8	0.55	-89587736.9593
1401	11	0.85	0.55	-89588424.0284
1411	11	0.9	0.55	-89589107.1151
615	9	0.1	0.3	-89600996.5783
625	9	0.15	0.3	-89601043.0984
635	9	0.2	0.3	-89601162.1403
605	9	0.05	0.3	-89601228.6426
645	9	0.25	0.3	-89601314.8849
655	9	0.3	0.3	-89601456.0396
665	9	0.35	0.3	-89601548.044
675	9	0.4	0.3	-89601651.6024
685	9	0.45	0.3	-89601756.5749
695	9	0.5	0.3	-89601820.4937
1242	11	0.05	0.6	-89634589.8574
1252	11	0.1	0.6	-89635106.8217
1262	11	0.15	0.6	-89635837.1951
1272	11	0.2	0.6	-89636628.1925
1282	11	0.25	0.6	-89637419.6698
1292	11	0.3	0.6	-89638228.767
1302	11	0.35	0.6	-89639016.4768
500	8	0.05	0.05	-89639562.7217
1312	11	0.4	0.6	-89639791.6345
510	8	0.1	0.05	-89640355.4047
1322	11	0.45	0.6	-89640552.5868
1332	11	0.5	0.6	-89641297.1615
520	8	0.15	0.05	-89641474.6388
1342	11	0.55	0.6	-89642027.4256
1352	11	0.6	0.6	-89642747.2375
530	8	0.2	0.05	-89642871.3965
1362	11	0.65	0.6	-89643459.2013
1372	11	0.7	0.6	-89644164.769
540	8	0.25	0.05	-89644530.7178
1382	11	0.75	0.6	-89644864.8221
1392	11	0.8	0.6	-89645559.9993
1402	11	0.85	0.6	-89646250.7528
550	8	0.3	0.05	-89646538.848
1412	11	0.9	0.6	-89646937.4475
590	8	0.5	0.05	-89647884.6064
560	8	0.35	0.05	-89648990.6938
521	8	0.15	0.1	-89650046.328
531	8	0.2	0.1	-89650079.2513
511	8	0.1	0.1	-89650111.0006
541	8	0.25	0.1	-89650154.8057
551	8	0.3	0.1	-89650216.4521
561	8	0.35	0.1	-89650234.1968
591	8	0.5	0.1	-89650286.4698
571	8	0.4	0.1	-89650292.8028
581	8	0.45	0.1	-89650305.2772
501	8	0.05	0.1	-89650399.0237
570	8	0.4	0.05	-89651662.2406
580	8	0.45	0.05	-89653147.1766
616	9	0.1	0.35	-89663058.6479
606	9	0.05	0.35	-89663149.1656
626	9	0.15	0.35	-89663251.0615
636	9	0.2	0.35	-89663506.0406
646	9	0.25	0.35	-89663798.6875
656	9	0.3	0.35	-89664074.3158
666	9	0.35	0.35	-89664337.3457
676	9	0.4	0.35	-89664624.1174
686	9	0.45	0.35	-89664901.5435
696	9	0.5	0.35	-89665138.3961
512	8	0.1	0.15	-89683307.1151
522	8	0.15	0.15	-89683353.5671
502	8	0.05	0.15	-89683489.2116
532	8	0.2	0.15	-89683493.6987
542	8	0.25	0.15	-89683640.4828
552	8	0.3	0.15	-89683788.2867
562	8	0.35	0.15	-89683944.6824
572	8	0.4	0.15	-89684094.3922
582	8	0.45	0.15	-89684222.3426
592	8	0.5	0.15	-89684342.3332
1243	11	0.05	0.65	-89691885.5587
1253	11	0.1	0.65	-89692420.2472
1263	11	0.15	0.65	-89693158.5156
1273	11	0.2	0.65	-89693953.8887
1283	11	0.25	0.65	-89694750.2851
1293	11	0.3	0.65	-89695565.874
1303	11	0.35	0.65	-89696358.7353
1313	11	0.4	0.65	-89697137.3673
1323	11	0.45	0.65	-89697902.6021
1333	11	0.5	0.65	-89698651.5866
1343	11	0.55	0.65	-89699386.1087
1353	11	0.6	0.65	-89700110.0438
1363	11	0.65	0.65	-89700825.9957
1373	11	0.7	0.65	-89701535.4499
1383	11	0.75	0.65	-89702239.3154
1393	11	0.8	0.65	-89702938.2202
1403	11	0.85	0.65	-89703632.625
1413	11	0.9	0.65	-89704322.8905
513	8	0.1	0.2	-89724285.3928
503	8	0.05	0.2	-89724398.0363
523	8	0.15	0.2	-89724404.6763
533	8	0.2	0.2	-89724594.5681
543	8	0.25	0.2	-89724793.2442
553	8	0.3	0.2	-89724990.2668
563	8	0.35	0.2	-89725191.9336
573	8	0.4	0.2	-89725377.083
583	8	0.45	0.2	-89725540.964
593	8	0.5	0.2	-89725688.7148
607	9	0.05	0.4	-89727918.964
617	9	0.1	0.4	-89728001.551
627	9	0.15	0.4	-89728243.1494
637	9	0.2	0.4	-89728581.7654
647	9	0.25	0.4	-89728946.2503
657	9	0.3	0.4	-89729286.0491
667	9	0.35	0.4	-89729602.1647
677	9	0.4	0.4	-89729937.283
687	9	0.45	0.4	-89730273.1318
697	9	0.5	0.4	-89730581.737
1244	11	0.05	0.7	-89748741.8167
1254	11	0.1	0.7	-89749277.3467
1264	11	0.15	0.7	-89750021.0908
1274	11	0.2	0.7	-89750822.0711
1284	11	0.25	0.7	-89751622.7436
1294	11	0.3	0.7	-89752444.3296
1304	11	0.35	0.7	-89753243.3431
1314	11	0.4	0.7	-89754026.1456
1324	11	0.45	0.7	-89754795.6723
1334	11	0.5	0.7	-89755549.0036
1344	11	0.55	0.7	-89756287.7631
1354	11	0.6	0.7	-89757015.7847
1364	11	0.65	0.7	-89757735.7286
1374	11	0.7	0.7	-89758449.0973
1384	11	0.75	0.7	-89759156.776
1394	11	0.8	0.7	-89759859.4276
1404	11	0.85	0.7	-89760557.5143
1414	11	0.9	0.7	-89761251.4047
514	8	0.1	0.25	-89769575.9965
504	8	0.05	0.25	-89769671.1061
524	8	0.15	0.25	-89769709.1306
534	8	0.2	0.25	-89769904.5269
544	8	0.25	0.25	-89770123.6393
554	8	0.3	0.25	-89770353.4865
564	8	0.35	0.25	-89770584.2769
574	8	0.4	0.25	-89770809.5384
584	8	0.45	0.25	-89771017.0307
594	8	0.5	0.25	-89771215.1853
608	9	0.05	0.45	-89790592.6897
618	9	0.1	0.45	-89790626.0646
628	9	0.15	0.45	-89790903.0118
638	9	0.2	0.45	-89791276.0976
648	9	0.25	0.45	-89791646.6317
658	9	0.3	0.45	-89792002.8605
668	9	0.35	0.45	-89792348.1336
678	9	0.4	0.45	-89792724.0895
688	9	0.45	0.45	-89793093.4859
698	9	0.5	0.45	-89793441.2578
1245	11	0.05	0.75	-89805133.6139
1255	11	0.1	0.75	-89805671.6993
1265	11	0.15	0.75	-89806423.2178
1275	11	0.2	0.75	-89807228.7045
1285	11	0.25	0.75	-89808033.8076
1295	11	0.3	0.75	-89808862.5776
1305	11	0.35	0.75	-89809665.3341
1315	11	0.4	0.75	-89810452.7072
1325	11	0.45	0.75	-89811226.4744
1335	11	0.5	0.75	-89811984.1903
410	7	0.1	0.05	-89812275.6912
400	7	0.05	0.05	-89812277.4113
420	7	0.15	0.05	-89812511.7068
1345	11	0.55	0.75	-89812727.1904
430	7	0.2	0.05	-89812831.9221
440	7	0.25	0.05	-89813184.6922
1355	11	0.6	0.75	-89813459.3664
450	7	0.3	0.05	-89813542.9641
460	7	0.35	0.05	-89813910.5752
1365	11	0.65	0.75	-89814183.3545
470	7	0.4	0.05	-89814284.4192
480	7	0.45	0.05	-89814672.0696
1375	11	0.7	0.75	-89814900.686
490	7	0.5	0.05	-89815052.6339
1385	11	0.75	0.75	-89815612.2524
1395	11	0.8	0.75	-89816318.7346
515	8	0.1	0.3	-89816867.7814
505	8	0.05	0.3	-89816899.0893
1405	11	0.85	0.75	-89817020.5827
525	8	0.15	0.3	-89817065.9659
535	8	0.2	0.3	-89817332.0248
545	8	0.25	0.3	-89817635.6157
1415	11	0.9	0.75	-89817718.1768
555	8	0.3	0.3	-89817930.8497
565	8	0.35	0.3	-89818235.603
575	8	0.4	0.3	-89818536.4106
585	8	0.45	0.3	-89818824.0523
595	8	0.5	0.3	-89819103.2498
401	7	0.05	0.1	-89829863.5842
411	7	0.1	0.1	-89829898.9273
421	7	0.15	0.1	-89830176.1562
431	7	0.2	0.1	-89830527.6765
441	7	0.25	0.1	-89830907.717
451	7	0.3	0.1	-89831298.1419
461	7	0.35	0.1	-89831687.6834
471	7	0.4	0.1	-89832069.4414
481	7	0.45	0.1	-89832458.6179
491	7	0.5	0.1	-89832846.3016
880	9	0.05	0.5	-89850575.3173
609	9	0.05	0.5	-89850575.3173
619	9	0.1	0.5	-89850636.2371
890	9	0.1	0.5	-89850636.2371
900	9	0.15	0.5	-89850948.1283
629	9	0.15	0.5	-89850948.1283
639	9	0.2	0.5	-89851318.8705
910	9	0.2	0.5	-89851318.8705
920	9	0.25	0.5	-89851726.2286
649	9	0.25	0.5	-89851726.2286
659	9	0.3	0.5	-89852129.4746
930	9	0.3	0.5	-89852129.4746
669	9	0.35	0.5	-89852519.5756
940	9	0.35	0.5	-89852519.5756
679	9	0.4	0.5	-89852936.9419
950	9	0.4	0.5	-89852936.9419
960	9	0.45	0.5	-89853345.5786
689	9	0.45	0.5	-89853345.5786
970	9	0.5	0.5	-89853736.4211
699	9	0.5	0.5	-89853736.4211
980	9	0.55	0.5	-89854113.7931
990	9	0.6	0.5	-89854480.3961
1000	9	0.65	0.5	-89854838.1949
1010	9	0.7	0.5	-89855188.3192
1020	9	0.75	0.5	-89855531.6238
1030	9	0.8	0.5	-89855868.7888
1040	9	0.85	0.5	-89856200.3702
1050	9	0.9	0.5	-89856526.9615
402	7	0.05	0.15	-89860851.9739
412	7	0.1	0.15	-89860914.131
1246	11	0.05	0.8	-89861057.2753
422	7	0.15	0.15	-89861199.5718
432	7	0.2	0.15	-89861560.9098
1256	11	0.1	0.8	-89861606.0644
442	7	0.25	0.15	-89861952.5869
452	7	0.3	0.15	-89862354.7012
1266	11	0.15	0.8	-89862363.9288
462	7	0.35	0.15	-89862760.6898
472	7	0.4	0.15	-89863161.0709
1276	11	0.2	0.8	-89863173.0932
482	7	0.45	0.15	-89863560.6073
492	7	0.5	0.15	-89863959.8723
1286	11	0.25	0.8	-89863984.5403
1296	11	0.3	0.8	-89864816.869
506	8	0.05	0.35	-89865128.0869
516	8	0.1	0.35	-89865167.5237
526	8	0.15	0.35	-89865407.0864
1306	11	0.35	0.8	-89865624.6215
536	8	0.2	0.35	-89865712.4514
546	8	0.25	0.35	-89866056.0408
556	8	0.3	0.35	-89866389.0568
1316	11	0.4	0.8	-89866417.1367
566	8	0.35	0.35	-89866733.9677
576	8	0.4	0.35	-89867074.2197
1326	11	0.45	0.8	-89867195.3205
586	8	0.45	0.35	-89867399.3597
596	8	0.5	0.35	-89867716.2333
1336	11	0.5	0.8	-89867957.4397
1346	11	0.55	0.8	-89868704.7308
1356	11	0.6	0.8	-89869441.1122
1366	11	0.65	0.8	-89870169.2227
1376	11	0.7	0.8	-89870890.5872
1386	11	0.75	0.8	-89871606.1307
1396	11	0.8	0.8	-89872316.517
1406	11	0.85	0.8	-89873022.2159
1416	11	0.9	0.8	-89873723.5932
403	7	0.05	0.2	-89897861.3947
413	7	0.1	0.2	-89897937.417
423	7	0.15	0.2	-89898231.1381
433	7	0.2	0.2	-89898604.1025
443	7	0.25	0.2	-89899004.922
453	7	0.3	0.2	-89899415.3168
463	7	0.35	0.2	-89899831.9424
473	7	0.4	0.2	-89900245.1369
483	7	0.45	0.2	-89900654.9348
493	7	0.5	0.2	-89901064.1054
881	9	0.05	0.55	-89909709.3617
891	9	0.1	0.55	-89909852.3575
901	9	0.15	0.55	-89910215.203
911	9	0.2	0.55	-89910630.9478
921	9	0.25	0.55	-89911068.5026
931	9	0.3	0.55	-89911494.9155
941	9	0.35	0.55	-89911938.5952
951	9	0.4	0.55	-89912397.4775
961	9	0.45	0.55	-89912849.4704
507	8	0.05	0.4	-89913242.9658
517	8	0.1	0.4	-89913273.7761
971	9	0.5	0.55	-89913291.0581
527	8	0.15	0.4	-89913554.8126
981	9	0.55	0.55	-89913722.9924
537	8	0.2	0.4	-89913871.5886
991	9	0.6	0.55	-89914146.8217
547	8	0.25	0.4	-89914235.2151
1001	9	0.65	0.55	-89914564.0587
557	8	0.3	0.4	-89914587.8866
567	8	0.35	0.4	-89914950.436
1011	9	0.7	0.55	-89914975.7483
577	8	0.4	0.4	-89915310.1185
1021	9	0.75	0.55	-89915382.6633
587	8	0.45	0.4	-89915654.9366
1031	9	0.8	0.55	-89915785.5171
597	8	0.5	0.4	-89915991.6538
1041	9	0.85	0.55	-89916184.7976
1247	11	0.05	0.85	-89916527.9583
1051	9	0.9	0.55	-89916581.0428
1257	11	0.1	0.85	-89917085.2643
1267	11	0.15	0.85	-89917847.8371
1277	11	0.2	0.85	-89918662.3114
1287	11	0.25	0.85	-89919476.7163
1297	11	0.3	0.85	-89920314.443
1307	11	0.35	0.85	-89921126.623
1317	11	0.4	0.85	-89921924.0603
1327	11	0.45	0.85	-89922706.7791
1337	11	0.5	0.85	-89923473.398
1347	11	0.55	0.85	-89924225.055
1357	11	0.6	0.85	-89924965.6898
1367	11	0.65	0.85	-89925697.9837
1377	11	0.7	0.85	-89926423.4627
1387	11	0.75	0.85	-89927143.0388
1397	11	0.8	0.85	-89927857.3883
1407	11	0.85	0.85	-89928566.9961
1417	11	0.9	0.85	-89929272.2429
404	7	0.05	0.25	-89934900.1889
414	7	0.1	0.25	-89934992.3608
424	7	0.15	0.25	-89935290.1568
434	7	0.2	0.25	-89935670.4652
444	7	0.25	0.25	-89936079.7161
454	7	0.3	0.25	-89936498.3185
464	7	0.35	0.25	-89936920.9294
474	7	0.4	0.25	-89937342.8874
484	7	0.45	0.25	-89937760.3593
494	7	0.5	0.25	-89938176.1425
508	8	0.05	0.45	-89960846.3099
518	8	0.1	0.45	-89960900.6752
528	8	0.15	0.45	-89961170.5526
538	8	0.2	0.45	-89961533.4589
548	8	0.25	0.45	-89961908.6061
558	8	0.3	0.45	-89962278.0486
568	8	0.35	0.45	-89962658.0369
578	8	0.4	0.45	-89963031.5714
588	8	0.45	0.45	-89963394.1507
598	8	0.5	0.45	-89963749.0955
1248	11	0.05	0.9	-89971547.2542
1258	11	0.1	0.9	-89972112.9265
1268	11	0.15	0.9	-89972879.0525
1278	11	0.2	0.9	-89973700.383
882	9	0.05	0.6	-89974100.9123
405	7	0.05	0.3	-89974422.1767
415	7	0.1	0.3	-89974517.2314
1288	11	0.25	0.9	-89974520.7521
892	9	0.1	0.6	-89974619.696
425	7	0.15	0.3	-89974831.5537
435	7	0.2	0.3	-89975213.8927
902	9	0.15	0.6	-89975231.0344
1298	11	0.3	0.9	-89975363.6465
445	7	0.25	0.3	-89975631.5507
912	9	0.2	0.6	-89975879.7972
455	7	0.3	0.3	-89976055.9877
1308	11	0.35	0.9	-89976180.2152
465	7	0.35	0.3	-89976484.9574
922	9	0.25	0.6	-89976560.6239
475	7	0.4	0.3	-89976912.8808
1318	11	0.4	0.9	-89976981.3624
932	9	0.3	0.6	-89977221.6387
485	7	0.45	0.3	-89977336.2755
495	7	0.5	0.3	-89977757.6574
1328	11	0.45	0.9	-89977768.9195
942	9	0.35	0.6	-89977869.5369
1338	11	0.5	0.9	-89978540.1492
952	9	0.4	0.6	-89978543.3475
962	9	0.45	0.6	-89979228.3879
1348	11	0.55	0.9	-89979296.2373
972	9	0.5	0.6	-89979917.1303
1358	11	0.6	0.9	-89980041.2106
982	9	0.55	0.6	-89980598.2805
1368	11	0.65	0.9	-89980777.7519
992	9	0.6	0.6	-89981265.119
1378	11	0.7	0.9	-89981507.3832
1002	9	0.65	0.6	-89981917.1458
1388	11	0.75	0.9	-89982231.0475
1012	9	0.7	0.6	-89982555.5647
1398	11	0.8	0.9	-89982949.424
1022	9	0.75	0.6	-89983181.709
1408	11	0.85	0.9	-89983662.9926
1032	9	0.8	0.6	-89983796.4725
1418	11	0.9	0.9	-89984372.1472
1042	9	0.85	0.6	-89984400.9037
1052	9	0.9	0.6	-89984995.9082
700	8	0.05	0.5	-90007915.8565
509	8	0.05	0.5	-90007915.8565
710	8	0.1	0.5	-90007975.2174
519	8	0.1	0.5	-90007975.2174
529	8	0.15	0.5	-90008266.687
720	8	0.15	0.5	-90008266.687
730	8	0.2	0.5	-90008627.1822
539	8	0.2	0.5	-90008627.1822
740	8	0.25	0.5	-90009033.7401
549	8	0.25	0.5	-90009033.7401
750	8	0.3	0.5	-90009418.7335
559	8	0.3	0.5	-90009418.7335
760	8	0.35	0.5	-90009814.2168
569	8	0.35	0.5	-90009814.2168
770	8	0.4	0.5	-90010202.3895
579	8	0.4	0.5	-90010202.3895
589	8	0.45	0.5	-90010582.6245
780	8	0.45	0.5	-90010582.6245
790	8	0.5	0.5	-90010955.0835
599	8	0.5	0.5	-90010955.0835
800	8	0.55	0.5	-90011321.1582
810	8	0.6	0.5	-90011682.9545
820	8	0.65	0.5	-90012041.6874
830	8	0.7	0.5	-90012397.7065
840	8	0.75	0.5	-90012751.1983
850	8	0.8	0.5	-90013102.2408
860	8	0.85	0.5	-90013450.8833
870	8	0.9	0.5	-90013797.2083
406	7	0.05	0.35	-90015426.4031
416	7	0.1	0.35	-90015529.6463
426	7	0.15	0.35	-90015854.8367
436	7	0.2	0.35	-90016242.733
446	7	0.25	0.35	-90016664.1251
456	7	0.3	0.35	-90017094.1546
466	7	0.35	0.35	-90017529.0543
476	7	0.4	0.35	-90017961.6415
486	7	0.45	0.35	-90018389.8245
496	7	0.5	0.35	-90018815.6703
1249	11	0.05	0.95	-90026131.7348
1259	11	0.1	0.95	-90026703.6507
1269	11	0.15	0.95	-90027474.4877
1279	11	0.2	0.95	-90028301.3853
1289	11	0.25	0.95	-90029125.839
1299	11	0.3	0.95	-90029973.1408
1309	11	0.35	0.95	-90030793.9071
1319	11	0.4	0.95	-90031600.398
1329	11	0.45	0.95	-90032392.8841
1339	11	0.5	0.95	-90033168.7945
1349	11	0.55	0.95	-90033929.38
1359	11	0.6	0.95	-90034678.7295
1369	11	0.65	0.95	-90035419.5466
1379	11	0.7	0.95	-90036153.3784
1389	11	0.75	0.95	-90036881.1577
1399	11	0.8	0.95	-90037603.5835
1409	11	0.85	0.95	-90038321.1396
1419	11	0.9	0.95	-90039034.2302
1060	10	0.05	0.5	-90044895.6307
1070	10	0.1	0.5	-90045406.5802
883	9	0.05	0.65	-90045521.8874
893	9	0.1	0.65	-90046019.5953
1080	10	0.15	0.5	-90046118.123
903	9	0.15	0.65	-90046708.2903
1090	10	0.2	0.5	-90046899.4478
913	9	0.2	0.65	-90047541.3784
1100	10	0.25	0.5	-90047695.5889
923	9	0.25	0.65	-90048395.846
1110	10	0.3	0.5	-90048487.6302
1120	10	0.35	0.5	-90049245.8364
933	9	0.3	0.65	-90049258.0362
1130	10	0.4	0.5	-90049973.518
943	9	0.35	0.65	-90050122.0733
1140	10	0.45	0.5	-90050672.2081
953	9	0.4	0.65	-90051050.413
1150	10	0.5	0.5	-90051342.3394
1160	10	0.55	0.5	-90051997.2223
963	9	0.45	0.65	-90052033.4898
1170	10	0.6	0.5	-90052648.3526
973	9	0.5	0.65	-90053079.1939
1180	10	0.65	0.5	-90053299.3835
1190	10	0.7	0.5	-90053951.1463
983	9	0.55	0.65	-90054157.0569
701	8	0.05	0.55	-90054413.3436
711	8	0.1	0.55	-90054498.859
1200	10	0.75	0.5	-90054603.556
721	8	0.15	0.55	-90054807.6745
731	8	0.2	0.55	-90055180.8875
993	9	0.6	0.65	-90055246.2299
1210	10	0.8	0.5	-90055256.2599
741	8	0.25	0.55	-90055586.6606
1220	10	0.85	0.5	-90055908.9757
751	8	0.3	0.55	-90055997.4231
1003	9	0.65	0.65	-90056335.7681
761	8	0.35	0.55	-90056404.2098
1230	10	0.9	0.5	-90056561.4003
771	8	0.4	0.55	-90056808.1114
407	7	0.05	0.4	-90057093.7669
417	7	0.1	0.4	-90057199.1117
781	8	0.45	0.55	-90057204.4196
1013	9	0.7	0.65	-90057418.5638
427	7	0.15	0.4	-90057531.2392
791	8	0.5	0.55	-90057593.2936
437	7	0.2	0.4	-90057922.757
801	8	0.55	0.55	-90057975.8273
447	7	0.25	0.4	-90058349.3461
811	8	0.6	0.55	-90058354.1037
1023	9	0.75	0.65	-90058486.8045
821	8	0.65	0.55	-90058729.3424
457	7	0.3	0.4	-90058781.6963
831	8	0.7	0.55	-90059101.9583
467	7	0.35	0.4	-90059222.4814
841	8	0.75	0.55	-90059472.1443
1033	9	0.8	0.65	-90059533.3966
477	7	0.4	0.4	-90059659.2698
851	8	0.8	0.55	-90059840.0424
487	7	0.45	0.4	-90060092.1403
861	8	0.85	0.55	-90060205.7064
497	7	0.5	0.4	-90060522.1768
1043	9	0.85	0.65	-90060554.4186
871	8	0.9	0.55	-90060569.2264
1053	9	0.9	0.65	-90061548.8223
1061	10	0.05	0.55	-90095585.1876
1071	10	0.1	0.55	-90096123.587
1081	10	0.15	0.55	-90096853.5144
1091	10	0.2	0.55	-90097648.2532
1101	10	0.25	0.55	-90098463.2903
408	7	0.05	0.45	-90099035.1404
418	7	0.1	0.45	-90099147.517
1111	10	0.3	0.55	-90099269.4435
428	7	0.15	0.45	-90099474.3487
438	7	0.2	0.45	-90099880.316
1121	10	0.35	0.55	-90100039.2987
448	7	0.25	0.45	-90100310.1868
702	8	0.05	0.6	-90100371.3369
712	8	0.1	0.6	-90100464.424
458	7	0.3	0.45	-90100747.0664
1131	10	0.4	0.55	-90100777.521
722	8	0.15	0.6	-90100787.5391
732	8	0.2	0.6	-90101175.2862
468	7	0.35	0.45	-90101191.7059
1141	10	0.45	0.55	-90101484.3322
742	8	0.25	0.6	-90101577.6203
478	7	0.4	0.45	-90101632.3711
752	8	0.3	0.6	-90102019.8233
488	7	0.45	0.45	-90102069.6824
1151	10	0.5	0.55	-90102161.307
762	8	0.35	0.6	-90102438.8366
498	7	0.5	0.45	-90102503.703
1161	10	0.55	0.55	-90102822.5319
772	8	0.4	0.6	-90102857.8482
782	8	0.45	0.6	-90103269.6665
1171	10	0.6	0.55	-90103480.1273
792	8	0.5	0.6	-90103674.1757
802	8	0.55	0.6	-90104072.445
1181	10	0.65	0.55	-90104137.8691
812	8	0.6	0.6	-90104466.5725
1191	10	0.7	0.55	-90104796.6376
822	8	0.65	0.6	-90104857.7376
832	8	0.7	0.6	-90105246.3609
1201	10	0.75	0.55	-90105456.2728
842	8	0.75	0.6	-90105632.6589
852	8	0.8	0.6	-90106016.7717
1211	10	0.8	0.55	-90106116.3736
862	8	0.85	0.6	-90106398.7936
1221	10	0.85	0.55	-90106776.6029
872	8	0.9	0.6	-90106778.801
1231	10	0.9	0.55	-90107436.6383
884	9	0.05	0.7	-90132309.009
894	9	0.1	0.7	-90134345.6681
904	9	0.15	0.7	-90136668.3482
914	9	0.2	0.7	-90139896.651
409	7	0.05	0.5	-90141037.0514
419	7	0.1	0.5	-90141165.1576
429	7	0.15	0.5	-90141491.9324
439	7	0.2	0.5	-90141903.0052
449	7	0.25	0.5	-90142338.379
459	7	0.3	0.5	-90142779.5391
469	7	0.35	0.5	-90143227.9415
924	9	0.25	0.7	-90143470.4084
479	7	0.4	0.5	-90143672.6351
489	7	0.45	0.5	-90144114.0813
499	7	0.5	0.5	-90144551.9688
1062	10	0.05	0.6	-90145427.9716
703	8	0.05	0.65	-90145787.2907
713	8	0.1	0.65	-90145892.6979
1072	10	0.1	0.6	-90145991.8168
723	8	0.15	0.65	-90146225.1393
733	8	0.2	0.65	-90146633.4332
1082	10	0.15	0.6	-90146760.6936
743	8	0.25	0.65	-90147051.9564
753	8	0.3	0.65	-90147507.9845
1092	10	0.2	0.6	-90147581.7849
934	9	0.3	0.7	-90147690.4274
763	8	0.35	0.65	-90147939.154
773	8	0.4	0.65	-90148371.4501
1102	10	0.25	0.6	-90148423.7483
783	8	0.45	0.65	-90148797.5017
793	8	0.5	0.65	-90149216.4224
1112	10	0.3	0.6	-90149254.4556
803	8	0.55	0.65	-90149629.3075
813	8	0.6	0.65	-90150038.1606
1122	10	0.35	0.6	-90150046.933
823	8	0.65	0.65	-90150444.0747
1132	10	0.4	0.6	-90150802.462
833	8	0.7	0.65	-90150847.4719
843	8	0.75	0.65	-90151248.585
1142	10	0.45	0.6	-90151522.496
853	8	0.8	0.65	-90151647.5771
863	8	0.85	0.65	-90152044.5279
1152	10	0.5	0.6	-90152209.7113
873	8	0.9	0.65	-90152439.5351
1162	10	0.55	0.6	-90152880.0616
944	9	0.35	0.7	-90153053.5198
1172	10	0.6	0.6	-90153547.009
1182	10	0.65	0.6	-90154214.6572
1192	10	0.7	0.6	-90154883.8879
1202	10	0.75	0.6	-90155554.4437
1212	10	0.8	0.6	-90156225.8186
1222	10	0.85	0.6	-90156897.5979
1232	10	0.9	0.6	-90157569.4078
954	9	0.4	0.7	-90160651.4374
964	9	0.45	0.7	-90170099.2321
974	9	0.5	0.7	-90180611.737
704	8	0.05	0.7	-90190677.4055
714	8	0.1	0.7	-90190800.7802
724	8	0.15	0.7	-90191145.9149
734	8	0.2	0.7	-90191568.8096
744	8	0.25	0.7	-90192001.3171
754	8	0.3	0.7	-90192464.3216
764	8	0.35	0.7	-90192911.7497
774	8	0.4	0.7	-90193356.8017
1063	10	0.05	0.65	-90193665.5855
784	8	0.45	0.7	-90193795.4321
794	8	0.5	0.7	-90194226.8853
1073	10	0.1	0.65	-90194331.7918
804	8	0.55	0.7	-90194652.6035
814	8	0.6	0.7	-90195074.3663
1083	10	0.15	0.65	-90195191.2313
824	8	0.65	0.7	-90195493.1903
834	8	0.7	0.7	-90195909.4824
984	9	0.55	0.7	-90195926.2816
1093	10	0.2	0.65	-90196105.6539
844	8	0.75	0.7	-90196323.4984
994	9	0.6	0.7	-90196369.9698
854	8	0.8	0.7	-90196735.4041
1004	9	0.65	0.7	-90196827.6994
1103	10	0.25	0.65	-90197026.3301
864	8	0.85	0.7	-90197145.2855
1014	9	0.7	0.7	-90197293.9108
874	8	0.9	0.7	-90197553.2534
1024	9	0.75	0.7	-90197757.602
1113	10	0.3	0.65	-90197923.3277
1034	9	0.8	0.7	-90198217.8641
1044	9	0.85	0.7	-90198674.8532
1123	10	0.35	0.65	-90198768.2184
1054	9	0.9	0.7	-90199128.8406
1133	10	0.4	0.65	-90199566.1324
1143	10	0.45	0.65	-90200317.6555
1153	10	0.5	0.65	-90201026.9331
1163	10	0.55	0.65	-90201716.0192
1173	10	0.6	0.65	-90202402.2815
1183	10	0.65	0.65	-90203090.7186
1193	10	0.7	0.65	-90203782.2031
1203	10	0.75	0.65	-90204476.2093
1213	10	0.8	0.65	-90205171.9459
1223	10	0.85	0.65	-90205868.7688
1233	10	0.9	0.65	-90206566.1096
705	8	0.05	0.75	-90235050.8112
715	8	0.1	0.75	-90235190.677
725	8	0.15	0.75	-90235548.6666
735	8	0.2	0.75	-90235982.8247
745	8	0.25	0.75	-90236427.9842
1064	10	0.05	0.7	-90236608.3811
885	9	0.05	0.75	-90236765.4021
755	8	0.3	0.75	-90236888.2322
895	9	0.1	0.75	-90236990.3967
765	8	0.35	0.75	-90237357.6178
905	9	0.15	0.75	-90237440.2069
1074	10	0.1	0.7	-90237741.4615
775	8	0.4	0.75	-90237814.2893
915	9	0.2	0.75	-90237961.8053
785	8	0.45	0.75	-90238263.1774
925	9	0.25	0.75	-90238482.0244
795	8	0.5	0.75	-90238705.2993
935	9	0.3	0.75	-90239003.4811
1084	10	0.15	0.7	-90239021.9169
805	8	0.55	0.75	-90239142.0358
945	9	0.35	0.75	-90239518.873
815	8	0.6	0.75	-90239574.869
825	8	0.65	0.75	-90240004.733
955	9	0.4	0.75	-90240041.589
1094	10	0.2	0.7	-90240330.948
835	8	0.7	0.75	-90240432.0445
965	9	0.45	0.75	-90240559.0963
845	8	0.75	0.75	-90240857.0577
975	9	0.5	0.75	-90241072.6172
855	8	0.8	0.75	-90241279.9449
985	9	0.55	0.75	-90241580.7754
1104	10	0.25	0.7	-90241608.3226
865	8	0.85	0.75	-90241700.816
995	9	0.6	0.75	-90242084.0951
875	8	0.9	0.75	-90242119.7725
1005	9	0.65	0.75	-90242583.1414
1114	10	0.3	0.7	-90242793.1496
1015	9	0.7	0.75	-90243078.1885
1025	9	0.75	0.75	-90243569.4344
1124	10	0.35	0.7	-90243860.1499
1035	9	0.8	0.75	-90244057.046
1045	9	0.85	0.75	-90244541.2247
1134	10	0.4	0.7	-90244829.9411
1055	9	0.9	0.75	-90245022.199
1144	10	0.45	0.7	-90245708.031
1154	10	0.5	0.7	-90246501.3043
1164	10	0.55	0.7	-90247259.5744
1174	10	0.6	0.7	-90248017.3142
1184	10	0.65	0.7	-90248783.4577
1194	10	0.7	0.7	-90249558.7395
1204	10	0.75	0.7	-90250341.4913
1214	10	0.8	0.7	-90251129.5764
1224	10	0.85	0.7	-90251921.2978
1234	10	0.9	0.7	-90252715.0979
1065	10	0.05	0.75	-90261248.0814
1075	10	0.1	0.75	-90263351.8859
1085	10	0.15	0.75	-90265636.3793
1095	10	0.2	0.75	-90267982.7172
1105	10	0.25	0.75	-90270286.1716
1115	10	0.3	0.75	-90272363.2496
1125	10	0.35	0.75	-90274160.5986
1135	10	0.4	0.75	-90275714.5142
1145	10	0.45	0.75	-90277028.307
1155	10	0.5	0.75	-90278112.2473
706	8	0.05	0.8	-90278914.2237
716	8	0.1	0.8	-90279063.111
1165	10	0.55	0.75	-90279110.4391
726	8	0.15	0.8	-90279430.6302
736	8	0.2	0.8	-90279876.6255
1175	10	0.6	0.75	-90280119.6947
746	8	0.25	0.8	-90280339.4716
756	8	0.3	0.8	-90280799.992
1185	10	0.65	0.75	-90281164.7644
766	8	0.35	0.8	-90281280.2492
776	8	0.4	0.8	-90281748.0215
886	9	0.05	0.8	-90281790.8388
896	9	0.1	0.8	-90282036.6498
786	8	0.45	0.8	-90282205.3284
1195	10	0.7	0.75	-90282247.2107
906	9	0.15	0.8	-90282500.0096
796	8	0.5	0.8	-90282656.831
916	9	0.2	0.8	-90283024.1194
806	8	0.55	0.8	-90283103.0344
1205	10	0.75	0.75	-90283362.0849
816	8	0.6	0.8	-90283545.3046
926	9	0.25	0.8	-90283584.8446
826	8	0.65	0.8	-90283984.5375
936	9	0.3	0.8	-90284117.9809
836	8	0.7	0.8	-90284421.1621
1215	10	0.8	0.75	-90284502.7832
946	9	0.35	0.8	-90284651.6771
846	8	0.75	0.8	-90284855.4424
956	9	0.4	0.8	-90285194.2235
856	8	0.8	0.8	-90285287.5641
1225	10	0.85	0.75	-90285664.0937
866	8	0.85	0.8	-90285717.6311
966	9	0.45	0.8	-90285730.8865
876	8	0.9	0.8	-90286145.7569
976	9	0.5	0.8	-90286262.6315
986	9	0.55	0.8	-90286788.8651
1235	10	0.9	0.75	-90286840.8881
996	9	0.6	0.8	-90287310.1646
1006	9	0.65	0.8	-90287827.1076
1016	9	0.7	0.8	-90288339.9599
1026	9	0.75	0.8	-90288848.8911
1036	9	0.8	0.8	-90289354.1694
1046	9	0.85	0.8	-90289855.9518
1056	9	0.9	0.8	-90290354.4725
1066	10	0.05	0.8	-90291602.6592
1076	10	0.1	0.8	-90292262.2346
1086	10	0.15	0.8	-90293160.7586
1096	10	0.2	0.8	-90294159.4342
1106	10	0.25	0.8	-90295224.2728
1116	10	0.3	0.8	-90296275.5371
1126	10	0.35	0.8	-90297289.1958
1136	10	0.4	0.8	-90298247.8369
1146	10	0.45	0.8	-90299138.4913
1156	10	0.5	0.8	-90299951.3739
1166	10	0.55	0.8	-90300732.654
1176	10	0.6	0.8	-90301519.6986
1186	10	0.65	0.8	-90302324.4773
1196	10	0.7	0.8	-90303150.3876
1206	10	0.75	0.8	-90303998.106
1216	10	0.8	0.8	-90304867.6802
1226	10	0.85	0.8	-90305759.5442
1236	10	0.9	0.8	-90306674.1001
707	8	0.05	0.85	-90322272.4257
717	8	0.1	0.85	-90322432.5082
727	8	0.15	0.85	-90322809.4251
737	8	0.2	0.85	-90323262.734
747	8	0.25	0.85	-90323733.598
757	8	0.3	0.85	-90324204.055
767	8	0.35	0.85	-90324687.2363
777	8	0.4	0.85	-90325166.9257
787	8	0.45	0.85	-90325631.8435
797	8	0.5	0.85	-90326091.2304
887	9	0.05	0.85	-90326269.3274
897	9	0.1	0.85	-90326534.9145
807	8	0.55	0.85	-90326545.2052
817	8	0.6	0.85	-90326995.1688
907	9	0.15	0.85	-90327017.6609
827	8	0.65	0.85	-90327441.9907
917	9	0.2	0.85	-90327558.1917
837	8	0.7	0.85	-90327886.1312
927	9	0.25	0.85	-90328115.1631
847	8	0.75	0.85	-90328327.86
937	9	0.3	0.85	-90328679.6985
857	8	0.8	0.85	-90328767.3687
867	8	0.85	0.85	-90329204.7731
947	9	0.35	0.85	-90329228.4094
877	8	0.9	0.85	-90329640.1793
957	9	0.4	0.85	-90329786.8928
967	9	0.45	0.85	-90330338.778
977	9	0.5	0.85	-90330885.1358
987	9	0.55	0.85	-90331425.712
997	9	0.6	0.85	-90331961.2101
1007	9	0.65	0.85	-90332492.1906
1017	9	0.7	0.85	-90333018.9188
1027	9	0.75	0.85	-90333541.6459
1037	9	0.8	0.85	-90334060.6114
1047	9	0.85	0.85	-90334576.0023
1057	9	0.9	0.85	-90335088.0293
1067	10	0.05	0.85	-90340679.4195
1077	10	0.1	0.85	-90341144.7817
1087	10	0.15	0.85	-90341825.9609
1097	10	0.2	0.85	-90342552.4207
1107	10	0.25	0.85	-90343309.5586
1117	10	0.3	0.85	-90344062.9144
1127	10	0.35	0.85	-90344803.6757
1137	10	0.4	0.85	-90345524.4926
1147	10	0.45	0.85	-90346226.1715
1157	10	0.5	0.85	-90346910.3132
1167	10	0.55	0.85	-90347583.326
1177	10	0.6	0.85	-90348251.6374
1187	10	0.65	0.85	-90348917.594
1197	10	0.7	0.85	-90349581.9657
1207	10	0.75	0.85	-90350244.8672
1217	10	0.8	0.85	-90350906.2797
1227	10	0.85	0.85	-90351566.2118
1237	10	0.9	0.85	-90352224.6799
708	8	0.05	0.9	-90365126.9776
718	8	0.1	0.9	-90365306.3296
728	8	0.15	0.9	-90365687.9134
738	8	0.2	0.9	-90366147.0231
748	8	0.25	0.9	-90366625.4933
758	8	0.3	0.9	-90367103.3729
768	8	0.35	0.9	-90367593.2374
778	8	0.4	0.9	-90368078.2148
788	8	0.45	0.9	-90368549.4657
798	8	0.5	0.9	-90369015.0039
808	8	0.55	0.9	-90369474.9848
818	8	0.6	0.9	-90369930.8487
888	9	0.05	0.9	-90370206.9811
828	8	0.65	0.9	-90370383.4635
898	9	0.1	0.9	-90370492.3901
838	8	0.7	0.9	-90370833.3185
908	9	0.15	0.9	-90370986.8762
848	8	0.75	0.9	-90371280.6911
918	9	0.2	0.9	-90371538.9004
858	8	0.8	0.9	-90371725.7916
928	9	0.25	0.9	-90372105.4149
868	8	0.85	0.9	-90372168.7288
878	8	0.9	0.9	-90372609.6102
938	9	0.3	0.9	-90372688.2681
948	9	0.35	0.9	-90373249.3384
958	9	0.4	0.9	-90373819.2184
968	9	0.45	0.9	-90374382.7711
978	9	0.5	0.9	-90374940.1743
988	9	0.55	0.9	-90375491.5643
998	9	0.6	0.9	-90376037.7046
1008	9	0.65	0.9	-90376579.115
1018	9	0.7	0.9	-90377116.1593
1028	9	0.75	0.9	-90377649.1059
1038	9	0.8	0.9	-90378178.1936
1048	9	0.85	0.9	-90378703.6005
1058	9	0.9	0.9	-90379225.5538
1068	10	0.05	0.9	-90390763.0674
1078	10	0.1	0.9	-90391221.1935
1088	10	0.15	0.9	-90391878.7954
1098	10	0.2	0.9	-90392591.5887
1108	10	0.25	0.9	-90393326.4178
1118	10	0.3	0.9	-90394063.9298
1128	10	0.35	0.9	-90394794.4701
1138	10	0.4	0.9	-90395507.8317
1148	10	0.45	0.9	-90396205.5535
1158	10	0.5	0.9	-90396889.0713
1168	10	0.55	0.9	-90397562.4439
1178	10	0.6	0.9	-90398230.2864
1188	10	0.65	0.9	-90398894.4885
1198	10	0.7	0.9	-90399555.8078
1208	10	0.75	0.9	-90400214.4059
1218	10	0.8	0.9	-90400870.3568
1228	10	0.85	0.9	-90401523.7177
1238	10	0.9	0.9	-90402174.5436
709	8	0.05	0.95	-90407499.9139
719	8	0.1	0.95	-90407682.2539
729	8	0.15	0.95	-90408069.78
739	8	0.2	0.95	-90408532.7046
749	8	0.25	0.95	-90409017.2273
759	8	0.3	0.95	-90409500.6011
769	8	0.35	0.95	-90409995.0542
779	8	0.4	0.95	-90410485.5848
789	8	0.45	0.95	-90410961.598
799	8	0.5	0.95	-90411431.6511
809	8	0.55	0.95	-90411896.0157
819	8	0.6	0.95	-90412356.1532
829	8	0.65	0.95	-90412812.9576
839	8	0.7	0.95	-90413266.9328
889	9	0.05	0.95	-90413607.2627
849	8	0.75	0.95	-90413718.3687
899	9	0.1	0.95	-90413910.1431
859	8	0.8	0.95	-90414167.4677
909	9	0.15	0.95	-90414413.0845
869	8	0.85	0.95	-90414614.3601
919	9	0.2	0.95	-90414969.4874
879	8	0.9	0.95	-90415059.158
929	9	0.25	0.95	-90415550.0896
939	9	0.3	0.95	-90416138.5758
949	9	0.35	0.95	-90416716.298
959	9	0.4	0.95	-90417294.7553
969	9	0.45	0.95	-90417866.4138
979	9	0.5	0.95	-90418431.7166
989	9	0.55	0.95	-90418990.8825
999	9	0.6	0.95	-90419544.5873
1009	9	0.65	0.95	-90420093.432
1019	9	0.7	0.95	-90420637.7932
1029	9	0.75	0.95	-90421177.9672
1039	9	0.8	0.95	-90421714.2033
1049	9	0.85	0.95	-90422246.7007
1059	9	0.9	0.95	-90422775.6608
1069	10	0.05	0.95	-90440822.2338
1079	10	0.1	0.95	-90441249.9971
1089	10	0.15	0.95	-90441905.5636
1099	10	0.2	0.95	-90442605.0922
1109	10	0.25	0.95	-90443331.8696
1119	10	0.3	0.95	-90444059.1651
1129	10	0.35	0.95	-90444781.673
1139	10	0.4	0.95	-90445490.253
1149	10	0.45	0.95	-90446185.9415
1159	10	0.5	0.95	-90446869.6739
1169	10	0.55	0.95	-90447543.8272
1179	10	0.6	0.95	-90448212.0976
1189	10	0.65	0.95	-90448876.1703
1199	10	0.7	0.95	-90449536.8158
1209	10	0.75	0.95	-90450194.264
1219	10	0.8	0.95	-90450848.6742
1229	10	0.85	0.95	-90451500.1623
1239	10	0.9	0.95	-90452148.8296
310	6	0.1	0.05	-90495763.0816
300	6	0.05	0.05	-90495813.5969
320	6	0.15	0.05	-90495927.1698
330	6	0.2	0.05	-90496177.389
340	6	0.25	0.05	-90496459.3792
350	6	0.3	0.05	-90496753.2845
360	6	0.35	0.05	-90497059.5922
370	6	0.4	0.05	-90497371.2317
380	6	0.45	0.05	-90497686.9416
390	6	0.5	0.05	-90497997.6038
301	6	0.05	0.1	-90510774.4093
311	6	0.1	0.1	-90510774.9087
321	6	0.15	0.1	-90511006.4198
331	6	0.2	0.1	-90511281.5868
341	6	0.25	0.1	-90511606.5422
351	6	0.3	0.1	-90511925.5477
361	6	0.35	0.1	-90512254.8018
371	6	0.4	0.1	-90512585.3262
381	6	0.45	0.1	-90512921.5364
391	6	0.5	0.1	-90513255.1139
302	6	0.05	0.15	-90536087.555
312	6	0.1	0.15	-90536094.2191
322	6	0.15	0.15	-90536297.1098
332	6	0.2	0.15	-90536575.2502
342	6	0.25	0.15	-90536888.4389
352	6	0.3	0.15	-90537205.1648
362	6	0.35	0.15	-90537534.5885
372	6	0.4	0.15	-90537868.0281
382	6	0.45	0.15	-90538205.3281
392	6	0.5	0.15	-90538544.6124
303	6	0.05	0.2	-90566344.5706
313	6	0.1	0.2	-90566361.0205
323	6	0.15	0.2	-90566580.7582
333	6	0.2	0.2	-90566869.0431
343	6	0.25	0.2	-90567191.7347
353	6	0.3	0.2	-90567519.213
363	6	0.35	0.2	-90567868.2331
373	6	0.4	0.2	-90568214.7592
383	6	0.45	0.2	-90568564.9528
393	6	0.5	0.2	-90568914.427
304	6	0.05	0.25	-90599861.4255
314	6	0.1	0.25	-90599878.3766
324	6	0.15	0.25	-90600098.2671
334	6	0.2	0.25	-90600394.5283
344	6	0.25	0.25	-90600722.9847
354	6	0.3	0.25	-90601055.4507
364	6	0.35	0.25	-90601407.3417
374	6	0.4	0.25	-90601759.6067
384	6	0.45	0.25	-90602113.8489
394	6	0.5	0.25	-90602467.2712
305	6	0.05	0.3	-90634627.6635
315	6	0.1	0.3	-90634645.7095
325	6	0.15	0.3	-90634874.0793
335	6	0.2	0.3	-90635168.1224
345	6	0.25	0.3	-90635503.404
355	6	0.3	0.3	-90635841.142
365	6	0.35	0.3	-90636196.9179
375	6	0.4	0.3	-90636554.6438
385	6	0.45	0.3	-90636913.5986
395	6	0.5	0.3	-90637271.8486
306	6	0.05	0.35	-90670112.2999
316	6	0.1	0.35	-90670135.4694
326	6	0.15	0.35	-90670370.0197
336	6	0.2	0.35	-90670669.1344
346	6	0.25	0.35	-90671011.22
356	6	0.3	0.35	-90671355.4038
366	6	0.35	0.35	-90671714.6574
376	6	0.4	0.35	-90672077.2069
386	6	0.45	0.35	-90672441.0394
396	6	0.5	0.35	-90672804.2142
307	6	0.05	0.4	-90706087.0623
317	6	0.1	0.4	-90706120.0139
327	6	0.15	0.4	-90706356.4262
337	6	0.2	0.4	-90706663.8604
347	6	0.25	0.4	-90707007.4275
357	6	0.3	0.4	-90707355.9232
367	6	0.35	0.4	-90707720.3654
377	6	0.4	0.4	-90708086.8568
387	6	0.45	0.4	-90708454.9765
397	6	0.5	0.4	-90708822.6945
308	6	0.05	0.45	-90742371.8429
318	6	0.1	0.45	-90742413.8412
328	6	0.15	0.45	-90742650.5944
338	6	0.2	0.45	-90742965.8323
348	6	0.25	0.45	-90743310.3972
358	6	0.3	0.45	-90743663.67
368	6	0.35	0.45	-90744032.5701
378	6	0.4	0.45	-90744402.8291
388	6	0.45	0.45	-90744774.8909
398	6	0.5	0.45	-90745146.7064
309	6	0.05	0.5	-90778819.9466
319	6	0.1	0.5	-90778870.0639
329	6	0.15	0.5	-90779115.6287
339	6	0.2	0.5	-90779436.4968
349	6	0.25	0.5	-90779782.3288
359	6	0.3	0.5	-90780139.5661
369	6	0.35	0.5	-90780511.4647
379	6	0.4	0.5	-90780885.6393
389	6	0.45	0.5	-90781261.4961
399	6	0.5	0.5	-90781637.0835
210	5	0.1	0.05	-91219695.4008
220	5	0.15	0.05	-91219710.0202
230	5	0.2	0.05	-91219800.1588
200	5	0.05	0.05	-91219889.1864
240	5	0.25	0.05	-91219903.5914
250	5	0.3	0.05	-91220032.6158
260	5	0.35	0.05	-91220174.8919
270	5	0.4	0.05	-91220321.3853
280	5	0.45	0.05	-91220479.0137
290	5	0.5	0.05	-91220635.1816
211	5	0.1	0.1	-91226706.2784
221	5	0.15	0.1	-91226744.0453
231	5	0.2	0.1	-91226852.8312
201	5	0.05	0.1	-91226855.5276
241	5	0.25	0.1	-91226987.5676
251	5	0.3	0.1	-91227133.5105
261	5	0.35	0.1	-91227294.6366
271	5	0.4	0.1	-91227458.0233
281	5	0.45	0.1	-91227626.3578
291	5	0.5	0.1	-91227797.7251
212	5	0.1	0.15	-91241958.9124
222	5	0.15	0.15	-91241999.3996
202	5	0.05	0.15	-91242106.1004
232	5	0.2	0.15	-91242108.6768
242	5	0.25	0.15	-91242252.3138
252	5	0.3	0.15	-91242409.77
262	5	0.35	0.15	-91242571.7619
272	5	0.4	0.15	-91242736.8189
282	5	0.45	0.15	-91242904.6368
292	5	0.5	0.15	-91243075.171
213	5	0.1	0.2	-91268536.5159
223	5	0.15	0.2	-91268582.4797
203	5	0.05	0.2	-91268672.8954
233	5	0.2	0.2	-91268695.9201
243	5	0.25	0.2	-91268843.307
253	5	0.3	0.2	-91269001.9281
263	5	0.35	0.2	-91269167.2849
273	5	0.4	0.2	-91269335.5298
283	5	0.45	0.2	-91269506.8425
293	5	0.5	0.2	-91269680.3365
214	5	0.1	0.25	-91297238.9688
224	5	0.15	0.25	-91297292.0226
204	5	0.05	0.25	-91297375.5111
234	5	0.2	0.25	-91297409.4365
244	5	0.25	0.25	-91297558.3139
254	5	0.3	0.25	-91297723.8134
264	5	0.35	0.25	-91297893.3081
274	5	0.4	0.25	-91298065.747
284	5	0.45	0.25	-91298240.3305
294	5	0.5	0.25	-91298416.8765
215	5	0.1	0.3	-91327624.465
225	5	0.15	0.3	-91327678.0404
205	5	0.05	0.3	-91327756.5111
235	5	0.2	0.3	-91327801.7275
245	5	0.25	0.3	-91327952.4834
255	5	0.3	0.3	-91328120.606
265	5	0.35	0.3	-91328292.2507
275	5	0.4	0.3	-91328467.7418
285	5	0.45	0.3	-91328644.8398
295	5	0.5	0.3	-91328823.6764
216	5	0.1	0.35	-91358415.9074
226	5	0.15	0.35	-91358470.956
206	5	0.05	0.35	-91358546.3417
236	5	0.2	0.35	-91358598.844
246	5	0.25	0.35	-91358751.989
256	5	0.3	0.35	-91358922.5185
266	5	0.35	0.35	-91359096.3417
276	5	0.4	0.35	-91359273.6066
286	5	0.45	0.35	-91359452.716
296	5	0.5	0.35	-91359633.3769
217	5	0.1	0.4	-91389374.0107
227	5	0.15	0.4	-91389429.3468
207	5	0.05	0.4	-91389493.8264
237	5	0.2	0.4	-91389559.699
247	5	0.25	0.4	-91389714.6245
257	5	0.3	0.4	-91389886.573
267	5	0.35	0.4	-91390063.2877
277	5	0.4	0.4	-91390242.151
287	5	0.45	0.4	-91390422.9999
297	5	0.5	0.4	-91390605.204
218	5	0.1	0.45	-91420356.0884
228	5	0.15	0.45	-91420419.1015
208	5	0.05	0.45	-91420489.176
238	5	0.2	0.45	-91420547.4758
248	5	0.25	0.45	-91420707.3313
258	5	0.3	0.45	-91420879.9067
268	5	0.35	0.45	-91421058.7265
278	5	0.4	0.45	-91421239.1205
288	5	0.45	0.45	-91421421.298
298	5	0.5	0.45	-91421604.8493
219	5	0.1	0.5	-91451295.3145
229	5	0.15	0.5	-91451358.0701
209	5	0.05	0.5	-91451419.2461
239	5	0.2	0.5	-91451490.2584
249	5	0.25	0.5	-91451650.5404
259	5	0.3	0.5	-91451825.3541
269	5	0.35	0.5	-91452005.2241
279	5	0.4	0.5	-91452187.2598
289	5	0.45	0.5	-91452370.555
299	5	0.5	0.5	-91452555.2678
193	4	0.5	0.2	-92648195.1296
133	4	0.2	0.2	-92648236.6572
123	4	0.15	0.2	-92648245.2057
183	4	0.45	0.2	-92648249.4673
143	4	0.25	0.2	-92648251.0374
153	4	0.3	0.2	-92648271.0965
173	4	0.4	0.2	-92648278.7713
163	4	0.35	0.2	-92648282.9357
113	4	0.1	0.2	-92648306.9493
103	4	0.05	0.2	-92648514.5873
111	4	0.1	0.1	-92648625.1886
121	4	0.15	0.1	-92648648.1055
131	4	0.2	0.1	-92648729.4831
101	4	0.05	0.1	-92648739.0417
141	4	0.25	0.1	-92648838.4896
151	4	0.3	0.1	-92648971.0692
161	4	0.35	0.1	-92649110.5509
171	4	0.4	0.1	-92649248.6733
181	4	0.45	0.1	-92649393.2341
191	4	0.5	0.1	-92649546.5226
114	4	0.1	0.25	-92650067.6367
104	4	0.05	0.25	-92650124.9103
124	4	0.15	0.25	-92650152.0861
134	4	0.2	0.25	-92650301.1921
144	4	0.25	0.25	-92650481.6563
154	4	0.3	0.25	-92650677.3319
164	4	0.35	0.25	-92650877.912
174	4	0.4	0.25	-92651080.6702
184	4	0.45	0.25	-92651282.5651
194	4	0.5	0.25	-92651485.1297
112	4	0.1	0.15	-92653142.8938
122	4	0.15	0.15	-92653203.4939
102	4	0.05	0.15	-92653239.7998
132	4	0.2	0.15	-92653319.7039
142	4	0.25	0.15	-92653473.6318
120	4	0.15	0.05	-92653558.6003
110	4	0.1	0.05	-92653584.9364
130	4	0.2	0.05	-92653610.3042
152	4	0.3	0.15	-92653641.8668
140	4	0.25	0.05	-92653726.3986
100	4	0.05	0.05	-92653814.2527
162	4	0.35	0.15	-92653818.3728
150	4	0.3	0.05	-92653854.2287
172	4	0.4	0.15	-92653997.1084
160	4	0.35	0.05	-92654013.3648
170	4	0.4	0.05	-92654158.4256
182	4	0.45	0.15	-92654177.1248
180	4	0.45	0.05	-92654313.5422
192	4	0.5	0.15	-92654358.815
190	4	0.5	0.05	-92654465.0619
115	4	0.1	0.3	-92670836.9965
105	4	0.05	0.3	-92670878.3905
125	4	0.15	0.3	-92670938.3542
135	4	0.2	0.3	-92671099.7558
145	4	0.25	0.3	-92671294.4767
155	4	0.3	0.3	-92671504.4746
165	4	0.35	0.3	-92671720.3989
175	4	0.4	0.3	-92671937.5953
185	4	0.45	0.3	-92672154.0309
195	4	0.5	0.3	-92672371.4069
116	4	0.1	0.35	-92693615.8156
106	4	0.05	0.35	-92693656.88
126	4	0.15	0.35	-92693724.3247
136	4	0.2	0.35	-92693889.7921
146	4	0.25	0.35	-92694090.7079
156	4	0.3	0.35	-92694306.1853
166	4	0.35	0.35	-92694528.1894
176	4	0.4	0.35	-92694750.6814
186	4	0.45	0.35	-92694972.4388
196	4	0.5	0.35	-92695194.8453
117	4	0.1	0.4	-92717194.8518
107	4	0.05	0.4	-92717231.0818
127	4	0.15	0.4	-92717304.8499
137	4	0.2	0.4	-92717473.3414
147	4	0.25	0.4	-92717677.6208
157	4	0.3	0.4	-92717896.7596
167	4	0.35	0.4	-92718122.4512
177	4	0.4	0.4	-92718348.4836
187	4	0.45	0.4	-92718573.494
197	4	0.5	0.4	-92718799.1908
118	4	0.1	0.45	-92741183.962
108	4	0.05	0.45	-92741220.1879
128	4	0.15	0.45	-92741298.0205
138	4	0.2	0.45	-92741468.8181
148	4	0.25	0.45	-92741676.0526
158	4	0.3	0.45	-92741898.7021
168	4	0.35	0.45	-92742126.4873
178	4	0.4	0.45	-92742355.4613
188	4	0.45	0.45	-92742583.338
198	4	0.5	0.45	-92742811.7809
119	4	0.1	0.5	-92765425.9771
109	4	0.05	0.5	-92765457.9749
129	4	0.15	0.5	-92765541.6718
139	4	0.2	0.5	-92765716.1957
149	4	0.25	0.5	-92765924.3902
159	4	0.3	0.5	-92766150.0389
169	4	0.35	0.5	-92766380.6372
179	4	0.4	0.5	-92766612.054
189	4	0.45	0.5	-92766842.3598
199	4	0.5	0.5	-92767073.125
21	3	0.15	0.1	-93718622.7209
31	3	0.2	0.1	-93718646.1675
11	3	0.1	0.1	-93718646.3661
41	3	0.25	0.1	-93718692.3001
51	3	0.3	0.1	-93718751.6871
1	3	0.05	0.1	-93718800.7914
61	3	0.35	0.1	-93718815.8014
71	3	0.4	0.1	-93718883.0485
81	3	0.45	0.1	-93718949.3059
91	3	0.5	0.1	-93719020.9447
22	3	0.15	0.15	-93719088.393
12	3	0.1	0.15	-93719106.7606
32	3	0.2	0.15	-93719115.7246
42	3	0.25	0.15	-93719165.1133
52	3	0.3	0.15	-93719227.3176
2	3	0.05	0.15	-93719245.1569
62	3	0.35	0.15	-93719297.869
72	3	0.4	0.15	-93719372.3541
82	3	0.45	0.15	-93719450.1995
92	3	0.5	0.15	-93719530.2294
20	3	0.15	0.05	-93723520.9903
30	3	0.2	0.05	-93723532.6493
10	3	0.1	0.05	-93723554.615
40	3	0.25	0.05	-93723565.228
50	3	0.3	0.05	-93723612.688
60	3	0.35	0.05	-93723668.2824
0	3	0.05	0.05	-93723720.0671
70	3	0.4	0.05	-93723728.1248
80	3	0.45	0.05	-93723791.3421
90	3	0.5	0.05	-93723858.0596
23	3	0.15	0.2	-93730908.27
13	3	0.1	0.2	-93730922.4861
33	3	0.2	0.2	-93730941.4554
43	3	0.25	0.2	-93730992.7773
53	3	0.3	0.2	-93731056.196
3	3	0.05	0.2	-93731058.2362
63	3	0.35	0.2	-93731127.5165
73	3	0.4	0.2	-93731203.3449
83	3	0.45	0.2	-93731282.3934
93	3	0.5	0.2	-93731363.7527
24	3	0.15	0.25	-93745393.8979
14	3	0.1	0.25	-93745408.0991
34	3	0.2	0.25	-93745426.0846
44	3	0.25	0.25	-93745482.3512
4	3	0.05	0.25	-93745545.5044
54	3	0.3	0.25	-93745547.8244
64	3	0.35	0.25	-93745620.6007
74	3	0.4	0.25	-93745697.603
84	3	0.45	0.25	-93745777.9335
94	3	0.5	0.25	-93745860.4167
25	3	0.15	0.3	-93761621.3646
15	3	0.1	0.3	-93761634.2194
35	3	0.2	0.3	-93761652.4486
45	3	0.25	0.3	-93761707.2363
5	3	0.05	0.3	-93761768.8176
55	3	0.3	0.3	-93761775.2906
65	3	0.35	0.3	-93761849.0999
75	3	0.4	0.3	-93761926.9789
85	3	0.45	0.3	-93762007.9831
95	3	0.5	0.3	-93762091.1192
26	3	0.15	0.35	-93778869.2986
16	3	0.1	0.35	-93778881.948
36	3	0.2	0.35	-93778903.0777
46	3	0.25	0.35	-93778959.3369
6	3	0.05	0.35	-93779013.7816
56	3	0.3	0.35	-93779027.7925
66	3	0.35	0.35	-93779102.8661
76	3	0.4	0.35	-93779181.6638
86	3	0.45	0.35	-93779263.2494
96	3	0.5	0.35	-93779347.0154
27	3	0.15	0.4	-93796698.1148
17	3	0.1	0.4	-93796710.4328
37	3	0.2	0.4	-93796733.1379
47	3	0.25	0.4	-93796789.7689
7	3	0.05	0.4	-93796836.9629
57	3	0.3	0.4	-93796858.4741
67	3	0.35	0.4	-93796934.7691
77	3	0.4	0.4	-93797014.739
87	3	0.45	0.4	-93797097.1087
97	3	0.5	0.4	-93797181.5471
28	3	0.15	0.45	-93814885.4511
18	3	0.1	0.45	-93814893.0718
38	3	0.2	0.45	-93814920.1536
48	3	0.25	0.45	-93814977.9109
8	3	0.05	0.45	-93815016.5236
58	3	0.3	0.45	-93815047.4744
68	3	0.35	0.45	-93815124.0851
78	3	0.4	0.45	-93815204.859
88	3	0.45	0.45	-93815288.088
98	3	0.5	0.45	-93815373.1999
29	3	0.15	0.5	-93833294.9022
19	3	0.1	0.5	-93833302.5734
39	3	0.2	0.5	-93833332.6407
49	3	0.25	0.5	-93833391.253
9	3	0.05	0.5	-93833429.0025
59	3	0.3	0.5	-93833461.4601
69	3	0.35	0.5	-93833538.8353
79	3	0.4	0.5	-93833620.035
89	3	0.45	0.5	-93833703.8819
99	3	0.5	0.5	-93833789.6153
