time,FLOW,TEMP,SALT
2010-01-01,58.0,2.1,691.0
2010-01-02,52.0,2.1,690.0
2010-01-03,48.0,2.2,690.0
2010-01-04,45.0,2.3,693.0
2010-01-05,52.0,2.3,691.0
2010-01-06,54.0,2.4,691.0
2010-01-07,45.0,2.5,691.0
2010-01-08,38.0,2.6,692.0
2010-01-09,33.0,2.6,692.0
2010-01-10,30.0,2.7,692.0
2010-01-11,25.0,2.8,693.0
2010-01-12,25.0,2.7,695.0
2010-01-13,23.0,2.8,697.0
2010-01-14,22.0,2.9,698.0
2010-01-15,21.0,2.9,701.0
2010-01-16,22.0,2.9,704.0
2010-01-17,26.0,3.0,705.0
2010-01-18,55.0,3.0,708.0
2010-01-19,47.0,3.0,712.0
2010-01-20,44.0,3.0,716.0
2010-01-21,46.0,3.0,720.0
2010-01-22,33.0,3.0,723.0
2010-01-23,30.0,3.1,726.0
2010-01-24,27.0,3.1,728.0
2010-01-25,128.0,3.1,731.0
2010-01-26,224.0,3.1,733.0
2010-01-27,135.0,3.1,735.0
2010-01-28,89.0,3.2,736.0
2010-01-29,76.0,3.3,736.0
2010-01-30,61.0,3.3,739.0
2010-01-31,54.0,3.4,741.0
2010-02-01,48.0,3.4,743.0
2010-02-02,43.0,3.4,746.0
2010-02-03,40.0,3.5,747.0
2010-02-04,37.0,3.5,749.0
2010-02-05,34.0,3.4,750.0
2010-02-06,32.0,3.5,749.0
2010-02-07,29.0,3.5,749.0
2010-02-08,27.0,3.5,751.0
2010-02-09,25.0,3.6,752.0
2010-02-10,25.0,3.7,753.0
2010-02-11,25.0,3.7,755.0
2010-02-12,25.0,3.7,758.0
2010-02-13,24.0,3.7,758.0
2010-02-14,22.0,3.7,760.0
2010-02-15,21.0,3.8,762.0
2010-02-16,23.0,3.8,762.0
2010-02-17,25.0,3.8,762.0
2010-02-18,26.0,3.8,766.0
2010-02-19,26.0,3.8,770.0
2010-02-20,24.0,3.8,771.0
2010-02-21,23.0,3.9,772.0
2010-02-22,31.0,3.9,774.0
2010-02-23,23.0,4.0,776.0
2010-02-24,191.0,4.0,773.0
2010-02-25,337.0,4.0,774.0
2010-02-26,460.0,4.1,770.0
2010-02-27,259.0,4.1,769.0
2010-02-28,180.0,4.1,767.0
2010-03-01,159.0,4.2,767.0
2010-03-02,135.0,4.3,769.0
2010-03-03,107.0,4.4,772.0
2010-03-04,99.0,4.4,732.0
2010-03-05,89.0,4.4,690.0
2010-03-06,79.0,4.4,682.0
2010-03-07,72.0,4.6,683.0
2010-03-08,66.0,4.7,686.0
2010-03-09,61.0,4.8,684.0
2010-03-10,60.0,4.9,680.0
2010-03-11,36.0,4.9,679.0
2010-03-12,34.0,5.1,641.0
2010-03-13,74.0,4.9,588.0
2010-03-14,649.0,4.7,619.0
2010-03-15,1420.0,4.7,630.0
2010-03-16,1120.0,4.8,631.0
2010-03-17,443.0,5.1,624.0
2010-03-18,263.0,5.3,628.0
2010-03-19,211.0,5.9,615.0
2010-03-20,179.0,6.2,608.0
2010-03-21,153.0,7.8,595.0
2010-03-22,139.0,7.9,592.0
2010-03-23,247.0,7.9,582.0
2010-03-24,230.0,7.7,584.0
2010-03-25,125.0,7.5,582.0
2010-03-26,129.0,7.6,579.0
2010-03-27,135.0,7.3,577.0
2010-03-28,146.0,7.2,575.0
2010-03-29,189.0,7.4,572.0
2010-03-30,523.0,7.7,558.0
2010-03-31,1110.0,7.8,545.0
2010-04-01,553.0,8.3,541.0
2010-04-02,280.0,8.9,533.0
2010-04-03,218.0,8.1,541.0
2010-04-04,184.0,8.9,540.0
2010-04-05,142.0,9.1,538.0
2010-04-06,102.0,9.6,534.0
2010-04-07,87.0,9.3,538.0
2010-04-08,72.0,10.7,535.0
2010-04-09,99.0,10.1,538.0
2010-04-10,142.0,9.7,538.0
2010-04-11,101.0,10.2,533.0
2010-04-12,85.0,10.7,529.0
2010-04-13,78.0,10.9,528.0
2010-04-14,85.0,11.0,527.0
2010-04-15,103.0,11.2,527.0
2010-04-16,90.0,11.2,526.0
2010-04-17,119.0,11.3,522.0
2010-04-18,115.0,11.0,524.0
2010-04-19,91.0,11.1,524.0
2010-04-20,70.0,11.4,522.0
2010-04-21,65.0,11.4,520.0
2010-04-22,60.0,11.5,520.0
2010-04-23,54.0,12.2,518.0
2010-04-24,50.0,12.1,519.0
2010-04-25,46.0,12.1,516.0
2010-04-26,44.0,12.6,515.0
2010-04-27,43.0,12.5,515.0
2010-04-28,41.0,12.1,514.0
2010-04-29,37.0,12.5,515.0
2010-04-30,33.0,12.9,515.0
2010-05-01,31.0,14.4,516.0
2010-05-02,29.0,13.8,515.0
2010-05-03,28.0,14.5,515.0
2010-05-04,26.0,15.7,515.0
2010-05-05,25.0,16.5,520.0
2010-05-06,16.0,15.7,519.0
2010-05-07,13.0,16.6,521.0
2010-05-08,55.0,16.8,517.0
2010-05-09,53.0,15.5,515.0
2010-05-10,26.0,15.3,516.0
2010-05-11,20.0,15.3,517.0
2010-05-12,18.0,14.4,517.0
2010-05-13,18.0,14.8,519.0
2010-05-14,16.0,14.9,518.0
2010-05-15,18.0,15.9,519.0
2010-05-16,15.0,16.9,522.0
2010-05-17,15.0,17.1,523.0
2010-05-18,16.0,16.2,522.0
2010-05-19,114.0,16.0,517.0
2010-05-20,57.0,16.3,520.0
2010-05-21,33.0,18.4,522.0
2010-05-22,21.0,18.4,522.0
2010-05-23,18.0,19.3,524.0
2010-05-24,16.0,19.5,524.0
2010-05-25,15.0,20.8,526.0
2010-05-26,14.0,22.7,530.0
2010-05-27,18.0,23.5,532.0
2010-05-28,14.0,21.7,532.0
2010-05-29,13.0,20.9,531.0
2010-05-30,12.0,22.1,534.0
2010-05-31,11.0,22.1,535.0
2010-06-01,20.0,21.7,530.0
2010-06-02,13.0,23.2,533.0
2010-06-03,19.0,22.2,532.0
2010-06-04,35.0,23.6,536.0
2010-06-05,36.0,23.4,536.0
2010-06-06,38.0,23.7,534.0
2010-06-07,33.0,23.1,532.0
2010-06-08,17.0,22.8,535.0
2010-06-09,13.0,22.0,537.0
2010-06-10,15.0,21.0,539.0
2010-06-11,19.0,20.7,540.0
2010-06-12,15.0,20.5,539.0
2010-06-13,16.0,20.4,538.0
2010-06-14,13.0,20.6,536.0
2010-06-15,21.0,21.6,537.0
2010-06-16,12.0,21.1,537.0
2010-06-17,12.0,21.0,539.0
2010-06-18,11.0,21.4,541.0
2010-06-19,10.0,19.1,540.0
2010-06-20,9.4,16.4,538.0
2010-06-21,9.2,16.8,539.0
2010-06-22,6.3,16.8,541.0
2010-06-23,4.2,16.8,542.0
2010-06-24,9.2,16.9,542.0
2010-06-25,10.0,17.2,543.0
2010-06-26,7.6,17.3,540.0
2010-06-27,8.1,17.4,538.0
2010-06-28,10.0,17.4,535.0
2010-06-29,16.0,17.6,534.0
2010-06-30,4.1,17.5,536.0
2010-07-01,1.2,17.9,533.0
2010-07-02,3.2,18.6,533.0
2010-07-03,4.9,18.6,533.0
2010-07-04,4.7,18.9,534.0
2010-07-05,4.3,19.1,535.0
2010-07-06,4.4,19.0,536.0
2010-07-07,4.8,19.0,538.0
2010-07-08,4.0,19.1,540.0
2010-07-09,3.7,19.2,541.0
2010-07-10,24.0,19.4,542.0
2010-07-11,13.0,19.5,543.0
2010-07-12,7.5,19.7,546.0
2010-07-13,17.0,19.9,548.0
2010-07-14,36.0,20.3,550.0
2010-07-15,18.0,20.4,553.0
2010-07-16,8.5,20.2,550.0
2010-07-17,7.2,20.6,549.0
2010-07-18,5.2,20.9,547.0
2010-07-19,4.3,21.0,547.0
2010-07-20,4.2,21.5,546.0
2010-07-21,3.9,21.4,548.0
2010-07-22,5.5,21.8,553.0
2010-07-23,9.9,22.0,556.0
2010-07-24,12.0,21.6,556.0
2010-07-25,5.5,21.2,555.0
2010-07-26,4.5,21.9,556.0
2010-07-27,3.6,22.6,555.0
2010-07-28,3.2,22.7,556.0
2010-07-29,3.0,23.1,558.0
2010-07-30,2.6,23.4,560.0
2010-07-31,2.6,23.4,566.0
2010-08-01,2.6,23.4,568.0
2010-08-02,2.4,23.3,570.0
2010-08-03,2.5,23.4,570.0
2010-08-04,2.4,23.5,570.0
2010-08-05,2.5,23.8,571.0
2010-08-06,2.4,23.9,573.0
2010-08-07,1.9,23.9,579.0
2010-08-08,2.1,23.9,579.0
2010-08-09,2.2,23.9,580.0
2010-08-10,2.5,24.2,581.0
2010-08-11,2.5,24.4,581.0
2010-08-12,1.9,24.5,582.0
2010-08-13,1.9,24.5,583.0
2010-08-14,1.9,24.3,583.0
2010-08-15,1.8,24.1,586.0
2010-08-16,2.3,24.0,586.0
2010-08-17,2.3,24.0,588.0
2010-08-18,1.9,24.1,589.0
2010-08-19,1.8,24.1,589.0
2010-08-20,1.8,24.4,589.0
2010-08-21,1.6,24.4,589.0
2010-08-22,2.0,24.3,588.0
2010-08-23,17.0,23.5,586.0
2010-08-24,16.0,22.1,583.0
2010-08-25,189.0,21.5,574.0
2010-08-26,106.0,21.3,570.0
2010-08-27,25.0,21.3,572.0
2010-08-28,11.0,21.6,573.0
2010-08-29,8.5,21.8,574.0
2010-08-30,7.0,21.9,574.0
2010-08-31,6.2,22.0,574.0
2010-09-01,14.0,21.9,575.0
2010-09-02,8.5,21.7,575.0
2010-09-03,10.0,21.8,577.0
2010-09-04,24.0,21.8,579.0
2010-09-05,7.6,22.2,580.0
2010-09-06,5.6,22.6,582.0
2010-09-07,5.0,22.6,583.0
2010-09-08,6.1,22.7,583.0
2010-09-09,6.1,22.6,584.0
2010-09-10,5.6,22.2,586.0
2010-09-11,5.2,21.9,590.0
2010-09-12,4.9,21.6,590.0
2010-09-13,4.6,21.1,591.0
2010-09-14,3.9,20.7,590.0
2010-09-15,6.3,20.4,587.0
2010-09-16,0.61,20.0,587.0
2010-09-17,3.8,19.8,585.0
2010-09-18,4.0,19.6,584.0
2010-09-19,3.5,19.5,582.0
2010-09-20,2.9,19.8,582.0
2010-09-21,2.6,19.3,581.0
2010-09-22,2.9,18.9,582.0
2010-09-23,2.6,19.4,589.0
2010-09-24,2.4,19.4,592.0
2010-09-25,2.5,19.7,597.0
2010-09-26,1.9,20.4,599.0
2010-09-27,2.0,19.9,599.0
2010-09-28,48.0,19.7,598.0
2010-09-29,48.0,19.9,599.0
2010-09-30,18.0,20.1,600.0
2010-10-01,27.0,20.6,599.0
2010-10-02,63.0,20.4,597.0
2010-10-03,14.0,19.5,597.0
2010-10-04,15.0,18.3,598.0
2010-10-05,6.4,17.5,598.0
2010-10-06,60.0,16.9,595.0
2010-10-07,65.0,16.5,591.0
2010-10-08,21.0,16.2,590.0
2010-10-09,11.0,16.2,592.0
2010-10-10,9.0,15.7,592.0
2010-10-11,8.0,15.4,597.0
2010-10-12,7.5,15.6,598.0
2010-10-13,6.9,15.4,596.0
2010-10-14,6.4,15.3,594.0
2010-10-15,146.0,14.8,587.0
2010-10-16,79.0,14.1,586.0
2010-10-17,27.0,13.5,586.0
2010-10-18,16.0,13.2,586.0
2010-10-19,13.0,12.9,586.0
2010-10-20,12.0,12.6,586.0
2010-10-21,11.0,12.4,588.0
2010-10-22,9.6,12.0,587.0
2010-10-23,8.6,11.6,586.0
2010-10-24,8.0,11.4,585.0
2010-10-25,8.0,11.4,587.0
2010-10-26,7.7,11.4,591.0
2010-10-27,7.9,11.6,593.0
2010-10-28,7.6,12.3,598.0
2010-10-29,6.6,12.6,602.0
2010-10-30,6.5,12.1,603.0
2010-10-31,6.2,11.9,604.0
2010-11-01,5.7,11.3,605.0
2010-11-02,5.5,10.9,605.0
2010-11-03,5.6,10.3,604.0
2010-11-04,35.0,9.9,603.0
2010-11-05,66.0,9.9,600.0
2010-11-06,30.0,9.8,601.0
2010-11-07,17.0,9.4,601.0
2010-11-08,53.0,8.7,596.0
2010-11-09,62.0,8.6,595.0
2010-11-10,45.0,8.6,597.0
2010-11-11,29.0,8.1,604.0
2010-11-12,22.0,7.9,618.0
2010-11-13,18.0,7.7,620.0
2010-11-14,16.0,7.9,621.0
2010-11-15,14.0,9.0,623.0
2010-11-16,14.0,9.6,625.0
2010-11-17,89.0,10.0,612.0
2010-11-18,68.0,8.7,630.0
2010-11-19,39.0,7.4,647.0
2010-11-20,26.0,7.1,658.0
2010-11-21,21.0,6.5,656.0
2010-11-22,18.0,7.2,681.0
2010-11-23,17.0,8.2,647.0
2010-11-24,15.0,6.9,609.0
2010-11-25,13.0,6.3,609.0
2010-11-26,21.0,6.3,608.0
2010-11-27,18.0,6.0,608.0
2010-11-28,15.0,5.5,609.0
2010-11-29,13.0,5.5,610.0
2010-11-30,12.0,5.5,616.0
2010-12-01,20.0,6.0,621.0
2010-12-02,49.0,5.7,615.0
2010-12-03,27.0,5.3,616.0
2010-12-04,19.0,4.9,616.0
2010-12-05,16.0,4.8,621.0
2010-12-06,14.0,4.1,624.0
2010-12-07,13.0,3.7,630.0
2010-12-08,12.0,4.0,632.0
2010-12-09,11.0,3.4,631.0
2010-12-10,9.8,2.5,620.0
2010-12-11,9.5,2.7,627.0
2010-12-12,50.0,2.7,624.0
2010-12-13,229.0,3.5,616.0
2010-12-14,126.0,2.8,614.0
2010-12-15,68.0,2.2,610.0
2010-12-16,47.0,2.2,609.0
2010-12-17,36.0,2.2,614.0
2010-12-18,29.0,2.2,624.0
2010-12-19,26.0,2.4,629.0
2010-12-20,24.0,2.5,628.0
2010-12-21,23.0,2.8,624.0
2010-12-22,21.0,3.2,618.0
2010-12-23,22.0,3.4,618.0
2010-12-24,20.0,3.6,618.0
2010-12-25,18.0,3.7,619.0
2010-12-26,17.0,3.8,621.0
2010-12-27,21.0,3.8,623.0
2010-12-28,17.0,3.7,623.0
2010-12-29,16.0,3.8,624.0
2010-12-30,16.0,4.0,626.0
2010-12-31,15.0,4.1,627.0
2011-01-01,17.0,4.1,628.0
2011-01-02,24.0,4.2,630.0
2011-01-03,27.0,4.2,634.0
2011-01-04,23.0,4.2,638.0
2011-01-05,20.0,4.2,644.0
2011-01-06,18.0,4.3,652.0
2011-01-07,16.0,4.4,661.0
2011-01-08,15.0,4.4,672.0
2011-01-09,15.0,4.5,684.0
2011-01-10,13.0,4.6,697.0
2011-01-11,13.0,4.7,712.0
2011-01-12,17.0,4.7,725.0
2011-01-13,16.0,4.8,738.0
2011-01-14,15.0,4.9,746.0
2011-01-15,13.0,4.9,753.0
2011-01-16,13.0,5.0,761.0
2011-01-17,12.0,4.9,768.0
2011-01-18,21.0,4.9,773.0
2011-01-19,76.0,5.0,780.0
2011-01-20,66.0,5.0,787.0
2011-01-21,48.0,5.1,796.0
2011-01-22,35.0,5.1,803.0
2011-01-23,27.0,5.1,814.0
2011-01-24,22.0,5.1,824.0
2011-01-25,20.0,5.2,834.0
2011-01-26,19.0,5.2,853.0
2011-01-27,22.0,5.1,881.0
2011-01-28,20.0,5.1,952.0
2011-01-29,19.0,5.0,1040.0
2011-01-30,18.0,4.9,1110.0
2011-01-31,15.0,4.8,1150.0
2011-02-01,16.0,4.7,1180.0
2011-02-02,20.0,4.7,1190.0
2011-02-03,19.0,4.8,1200.0
2011-02-04,18.0,4.8,1200.0
2011-02-05,18.0,4.9,1200.0
2011-02-06,37.0,4.9,1190.0
2011-02-07,33.0,4.8,1190.0
2011-02-08,42.0,4.7,1180.0
2011-02-09,36.0,4.7,1180.0
2011-02-10,29.0,4.7,1190.0
2011-02-11,24.0,4.6,1200.0
2011-02-12,22.0,4.7,1200.0
2011-02-13,20.0,4.7,1220.0
2011-02-14,23.0,4.7,1240.0
2011-02-15,29.0,4.6,1270.0
2011-02-16,24.0,4.6,1310.0
2011-02-17,26.0,4.6,1360.0
2011-02-18,45.0,4.7,1380.0
2011-02-19,66.0,4.6,1400.0
2011-02-20,51.0,4.6,1410.0
2011-02-21,46.0,4.5,1420.0
2011-02-22,38.0,4.6,1430.0
2011-02-23,34.0,4.6,1430.0
2011-02-24,49.0,4.6,1430.0
2011-02-25,123.0,4.7,1410.0
2011-02-26,142.0,4.8,1400.0
2011-02-27,77.0,4.7,1400.0
2011-02-28,109.0,4.7,1390.0
2011-03-01,130.0,4.7,1380.0
2011-03-02,94.0,4.7,1370.0
2011-03-03,78.0,4.6,1360.0
2011-03-04,66.0,4.7,1360.0
2011-03-05,85.0,4.9,1360.0
2011-03-06,129.0,5.1,1350.0
2011-03-07,270.0,5.2,1320.0
2011-03-08,239.0,5.1,1310.0
2011-03-09,168.0,5.0,1280.0
2011-03-10,133.0,5.0,1250.0
2011-03-11,167.0,5.1,1190.0
2011-03-12,175.0,5.1,1150.0
2011-03-13,139.0,5.0,1130.0
2011-03-14,114.0,5.1,1110.0
2011-03-15,98.0,5.3,1080.0
2011-03-16,116.0,5.2,1070.0
2011-03-17,125.0,5.4,1060.0
2011-03-18,91.0,5.5,1050.0
2011-03-19,84.0,5.4,988.0
2011-03-20,74.0,5.4,966.0
2011-03-21,74.0,5.4,987.0
2011-03-22,82.0,5.1,939.0
2011-03-23,70.0,5.0,924.0
2011-03-24,63.0,4.7,883.0
2011-03-25,58.0,4.8,907.0
2011-03-26,53.0,4.7,925.0
2011-03-27,50.0,4.7,916.0
2011-03-28,47.0,4.8,900.0
2011-03-29,46.0,5.0,894.0
2011-03-30,42.0,5.4,893.0
2011-03-31,50.0,5.6,867.0
2011-04-01,65.0,5.4,772.0
2011-04-02,77.0,5.4,821.0
2011-04-03,64.0,5.7,778.0
2011-04-04,58.0,5.9,812.0
2011-04-05,72.0,6.1,785.0
2011-04-06,61.0,6.2,770.0
2011-04-07,50.0,6.6,760.0
2011-04-08,45.0,7.1,762.0
2011-04-09,40.0,6.7,760.0
2011-04-10,37.0,6.7,761.0
2011-04-11,36.0,7.4,765.0
2011-04-12,35.0,8.6,778.0
2011-04-13,94.0,9.3,777.0
2011-04-14,114.0,9.7,764.0
2011-04-15,70.0,10.2,771.0
2011-04-16,61.0,9.9,768.0
2011-04-17,158.0,9.9,765.0
2011-04-18,122.0,9.9,764.0
2011-04-19,84.0,10.2,759.0
2011-04-20,76.0,10.1,755.0
2011-04-21,68.0,10.2,755.0
2011-04-22,57.0,10.4,754.0
2011-04-23,68.0,10.3,755.0
2011-04-24,75.0,10.6,764.0
2011-04-25,60.0,11.6,766.0
2011-04-26,53.0,12.6,766.0
2011-04-27,50.0,12.3,766.0
2011-04-28,48.0,11.5,767.0
2011-04-29,45.0,13.3,772.0
2011-04-30,39.0,14.5,775.0
2011-05-01,35.0,14.8,777.0
2011-05-02,31.0,15.0,777.0
2011-05-03,29.0,15.2,777.0
2011-05-04,39.0,15.1,774.0
2011-05-05,50.0,15.1,772.0
2011-05-06,35.0,14.6,773.0
2011-05-07,29.0,14.6,772.0
2011-05-08,28.0,15.1,775.0
2011-05-09,31.0,15.6,779.0
2011-05-10,47.0,15.4,779.0
2011-05-11,48.0,15.0,779.0
2011-05-12,53.0,15.0,779.0
2011-05-13,49.0,15.7,781.0
2011-05-14,34.0,15.6,784.0
2011-05-15,59.0,15.4,779.0
2011-05-16,57.0,15.0,779.0
2011-05-17,45.0,14.5,779.0
2011-05-18,39.0,14.2,779.0
2011-05-19,64.0,14.5,781.0
2011-05-20,21.0,15.5,783.0
2011-05-21,18.0,16.9,786.0
2011-05-22,15.0,16.6,786.0
2011-05-23,17.0,14.9,785.0
2011-05-24,15.0,15.0,784.0
2011-05-25,14.0,17.2,786.0
2011-05-26,14.0,16.8,782.0
2011-05-27,11.0,18.1,775.0
2011-05-28,11.0,19.3,778.0
2011-05-29,10.0,19.2,793.0
2011-05-30,9.8,20.7,798.0
2011-05-31,9.1,21.8,803.0
2011-06-01,17.0,17.9,798.0
2011-06-02,20.0,16.8,794.0
2011-06-03,10.0,16.6,794.0
2011-06-04,9.2,16.4,793.0
2011-06-05,8.7,16.3,791.0
2011-06-06,8.3,16.5,792.0
2011-06-07,8.2,16.6,790.0
2011-06-08,7.8,16.8,789.0
2011-06-09,16.0,17.0,789.0
2011-06-10,33.0,17.3,789.0
2011-06-11,20.0,17.1,788.0
2011-06-12,56.0,16.9,787.0
2011-06-13,32.0,16.8,788.0
2011-06-14,20.0,16.7,789.0
2011-06-15,15.0,16.7,791.0
2011-06-16,13.0,16.8,792.0
2011-06-17,12.0,16.8,793.0
2011-06-18,10.0,17.0,796.0
2011-06-19,9.1,17.3,798.0
2011-06-20,7.7,17.4,795.0
2011-06-21,7.3,17.6,790.0
2011-06-22,26.0,17.6,789.0
2011-06-23,163.0,17.6,787.0
2011-06-24,86.0,17.5,786.0
2011-06-25,84.0,17.3,786.0
2011-06-26,74.0,17.5,786.0
2011-06-27,44.0,17.7,786.0
2011-06-28,28.0,17.8,787.0
2011-06-29,24.0,18.1,786.0
2011-06-30,19.0,18.3,788.0
2011-07-01,15.0,18.5,790.0
2011-07-02,13.0,18.7,792.0
2011-07-03,12.0,18.6,787.0
2011-07-04,12.0,18.9,779.0
2011-07-05,11.0,19.2,782.0
2011-07-06,9.9,19.4,786.0
2011-07-07,10.0,19.8,787.0
2011-07-08,9.2,19.7,792.0
2011-07-09,16.0,19.7,789.0
2011-07-10,10.0,19.7,791.0
2011-07-11,8.1,19.8,793.0
2011-07-12,7.5,19.9,768.0
2011-07-13,11.0,20.4,777.0
2011-07-14,25.0,20.9,791.0
2011-07-15,11.0,20.8,790.0
2011-07-16,7.9,20.8,786.0
2011-07-17,6.8,20.9,772.0
2011-07-18,7.2,21.2,758.0
2011-07-19,7.2,21.4,762.0
2011-07-20,5.9,21.5,767.0
2011-07-21,5.4,21.7,776.0
2011-07-22,4.9,22.2,778.0
2011-07-23,6.9,22.4,767.0
2011-07-24,5.8,22.7,754.0
2011-07-25,5.4,22.7,752.0
2011-07-26,6.8,22.7,741.0
2011-07-27,5.6,22.9,738.0
2011-07-28,4.6,23.1,744.0
2011-07-29,4.5,23.0,732.0
2011-07-30,5.8,23.2,695.0
2011-07-31,4.2,23.5,680.0
2011-08-01,4.0,23.6,678.0
2011-08-02,15.0,23.8,681.0
2011-08-03,39.0,24.0,679.0
2011-08-04,15.0,24.1,681.0
2011-08-05,7.3,24.1,677.0
2011-08-06,5.7,24.1,672.0
2011-08-07,116.0,24.2,672.0
2011-08-08,116.0,24.3,670.0
2011-08-09,74.0,24.6,671.0
2011-08-10,267.0,24.5,666.0
2011-08-11,111.0,24.3,676.0
2011-08-12,72.0,24.4,680.0
2011-08-13,66.0,24.5,682.0
2011-08-14,49.0,24.4,683.0
2011-08-15,83.0,24.4,679.0
2011-08-16,103.0,23.9,676.0
2011-08-17,32.0,23.6,679.0
2011-08-18,27.0,23.6,683.0
2011-08-19,21.0,23.6,689.0
2011-08-20,15.0,23.7,694.0
2011-08-21,14.0,23.6,700.0
2011-08-22,41.0,23.8,704.0
2011-08-23,39.0,23.8,710.0
2011-08-24,59.0,23.8,716.0
2011-08-25,64.0,23.8,722.0
2011-08-26,65.0,23.9,727.0
2011-08-27,92.0,24.0,732.0
2011-08-28,204.0,24.1,720.0
2011-08-29,119.0,23.3,719.0
2011-08-30,53.0,23.1,724.0
2011-08-31,34.0,23.2,730.0
2011-09-01,17.0,23.3,735.0
2011-09-02,21.0,23.3,737.0
2011-09-03,20.0,23.1,739.0
2011-09-04,19.0,23.1,746.0
2011-09-05,17.0,23.2,748.0
2011-09-06,56.0,23.3,748.0
2011-09-07,79.0,22.6,748.0
2011-09-08,154.0,21.9,746.0
2011-09-09,122.0,21.8,747.0
2011-09-10,71.0,21.9,750.0
2011-09-11,53.0,21.8,750.0
2011-09-12,43.0,21.6,751.0
2011-09-13,37.0,21.7,753.0
2011-09-14,32.0,21.8,755.0
2011-09-15,31.0,22.0,756.0
2011-09-16,26.0,21.9,754.0
2011-09-17,23.0,21.3,755.0
2011-09-18,21.0,20.9,757.0
2011-09-19,19.0,20.4,757.0
2011-09-20,19.0,20.0,756.0
2011-09-21,19.0,19.8,759.0
2011-09-22,19.0,19.7,762.0
2011-09-23,35.0,19.8,761.0
2011-09-24,85.0,19.8,759.0
2011-09-25,55.0,20.0,757.0
2011-09-26,36.0,20.6,761.0
2011-09-27,28.0,21.2,766.0
2011-09-28,26.0,20.9,763.0
2011-09-29,82.0,20.6,750.0
2011-09-30,85.0,20.4,743.0
2011-10-01,76.0,20.7,737.0
2011-10-02,64.0,20.5,737.0
2011-10-03,55.0,20.1,738.0
2011-10-04,132.0,19.9,734.0
2011-10-05,110.0,19.5,733.0
2011-10-06,75.0,18.7,735.0
2011-10-07,57.0,17.9,734.0
2011-10-08,49.0,17.5,734.0
2011-10-09,44.0,17.5,733.0
2011-10-10,41.0,17.8,732.0
2011-10-11,39.0,17.8,740.0
2011-10-12,37.0,16.9,750.0
2011-10-13,87.0,17.0,715.0
2011-10-14,101.0,17.4,726.0
2011-10-15,127.0,16.5,738.0
2011-10-16,85.0,15.8,740.0
2011-10-17,46.0,15.7,741.0
2011-10-18,70.0,15.6,739.0
2011-10-19,130.0,15.9,730.0
2011-10-20,163.0,15.6,721.0
2011-10-21,106.0,15.4,719.0
2011-10-22,83.0,15.2,722.0
2011-10-23,71.0,14.9,721.0
2011-10-24,63.0,14.5,720.0
2011-10-25,57.0,14.4,719.0
2011-10-26,52.0,14.0,719.0
2011-10-27,91.0,13.2,717.0
2011-10-28,99.0,12.2,717.0
2011-10-29,91.0,11.4,713.0
2011-10-30,118.0,10.2,708.0
2011-10-31,109.0,10.0,707.0
2011-11-01,93.0,9.8,709.0
2011-11-02,64.0,9.6,710.0
2011-11-03,56.0,9.7,713.0
2011-11-04,49.0,9.4,722.0
2011-11-05,43.0,8.5,724.0
2011-11-06,39.0,8.2,724.0
2011-11-07,37.0,8.7,725.0
2011-11-08,34.0,9.5,728.0
2011-11-09,33.0,9.7,726.0
2011-11-10,72.0,10.3,723.0
2011-11-11,76.0,10.2,715.0
2011-11-12,50.0,8.7,717.0
2011-11-13,40.0,9.1,717.0
2011-11-14,36.0,9.6,713.0
2011-11-15,32.0,10.2,710.0
2011-11-16,45.0,9.8,697.0
2011-11-17,51.0,9.8,691.0
2011-11-18,40.0,9.0,700.0
2011-11-19,33.0,8.5,693.0
2011-11-20,30.0,8.7,688.0
2011-11-21,28.0,8.8,690.0
2011-11-22,31.0,8.6,700.0
2011-11-23,146.0,8.2,657.0
2011-11-24,96.0,7.9,680.0
2011-11-25,62.0,7.6,679.0
2011-11-26,50.0,7.6,680.0
2011-11-27,43.0,7.6,681.0
2011-11-28,39.0,7.7,682.0
2011-11-29,49.0,8.1,683.0
2011-11-30,118.0,8.3,682.0
2011-12-01,76.0,8.4,679.0
2011-12-02,55.0,8.0,678.0
2011-12-03,45.0,7.8,678.0
2011-12-04,40.0,7.6,678.0
2011-12-05,37.0,7.8,687.0
2011-12-06,38.0,7.8,684.0
2011-12-07,118.0,8.0,669.0
2011-12-08,233.0,7.8,656.0
2011-12-09,134.0,7.5,658.0
2011-12-10,88.0,7.3,657.0
2011-12-11,70.0,7.0,656.0
2011-12-12,61.0,6.5,659.0
2011-12-13,55.0,6.2,661.0
2011-12-14,49.0,6.0,661.0
2011-12-15,46.0,5.9,661.0
2011-12-16,44.0,5.9,659.0
2011-12-17,39.0,5.7,658.0
2011-12-18,36.0,4.8,657.0
2011-12-19,33.0,4.4,657.0
2011-12-20,36.0,4.3,656.0
2011-12-21,45.0,4.2,656.0
2011-12-22,67.0,4.4,656.0
2011-12-23,108.0,4.6,650.0
2011-12-24,70.0,4.0,649.0
2011-12-25,49.0,3.5,649.0
2011-12-26,41.0,3.5,648.0
2011-12-27,40.0,3.7,647.0
2011-12-28,46.0,3.8,639.0
2011-12-29,36.0,3.4,638.0
2011-12-30,32.0,3.0,636.0
2011-12-31,30.0,2.6,635.0
2012-01-01,29.0,3.0,635.0
2012-01-02,29.0,3.2,634.0
2012-01-03,25.0,2.6,633.0
2012-01-04,23.0,2.1,634.0
2012-01-05,23.0,2.1,638.0
2012-01-06,23.0,1.9,638.0
2012-01-07,22.0,1.7,636.0
2012-01-08,22.0,2.0,635.0
2012-01-09,40.0,2.0,636.0
2012-01-10,14.0,2.0,639.0
2012-01-11,21.0,2.2,644.0
2012-01-12,111.0,1.9,640.0
2012-01-13,73.0,1.9,637.0
2012-01-14,43.0,1.9,633.0
2012-01-15,30.0,1.4,636.0
2012-01-16,29.0,1.1,644.0
2012-01-17,34.0,1.0,646.0
2012-01-18,28.0,1.2,637.0
2012-01-19,28.0,1.3,633.0
2012-01-20,25.0,1.4,634.0
2012-01-21,23.0,1.6,633.0
2012-01-22,22.0,1.7,631.0
2012-01-23,33.0,1.8,630.0
2012-01-24,37.0,1.9,631.0
2012-01-25,32.0,2.1,630.0
2012-01-26,51.0,2.3,631.0
2012-01-27,138.0,2.3,630.0
2012-01-28,87.0,2.5,630.0
2012-01-29,57.0,2.6,629.0
2012-01-30,45.0,2.8,631.0
2012-01-31,40.0,2.9,631.0
2012-02-01,38.0,3.0,628.0
2012-02-02,33.0,3.1,629.0
2012-02-03,32.0,3.1,627.0
2012-02-04,29.0,3.2,627.0
2012-02-05,28.0,3.3,628.0
2012-02-06,27.0,3.3,629.0
2012-02-07,26.0,3.3,631.0
2012-02-08,23.0,3.4,631.0
2012-02-09,23.0,3.3,632.0
2012-02-10,22.0,3.5,633.0
2012-02-11,22.0,3.6,633.0
2012-02-12,20.0,3.2,632.0
2012-02-13,18.0,3.1,634.0
2012-02-14,18.0,2.8,635.0
2012-02-15,18.0,3.0,634.0
2012-02-16,18.0,3.0,637.0
2012-02-17,18.0,3.0,636.0
2012-02-18,17.0,3.3,634.0
2012-02-19,16.0,3.6,634.0
2012-02-20,14.0,3.5,635.0
2012-02-21,15.0,3.6,634.0
2012-02-22,15.0,3.8,636.0
2012-02-23,17.0,4.0,635.0
2012-02-24,46.0,3.9,633.0
2012-02-25,45.0,3.9,632.0
2012-02-26,25.0,3.6,635.0
2012-02-27,21.0,3.9,635.0
2012-02-28,18.0,4.1,636.0
2012-02-29,25.0,3.7,637.0
2012-03-01,53.0,3.2,636.0
2012-03-02,41.0,2.8,632.0
2012-03-03,63.0,3.0,631.0
2012-03-04,48.0,3.2,630.0
2012-03-05,35.0,3.2,633.0
2012-03-06,30.0,2.6,637.0
2012-03-07,46.0,3.4,635.0
2012-03-08,25.0,3.9,636.0
2012-03-09,29.0,4.9,644.0
2012-03-10,25.0,4.9,649.0
2012-03-11,24.0,5.0,648.0
2012-03-12,22.0,5.7,657.0
2012-03-13,22.0,6.0,668.0
2012-03-14,22.0,6.9,670.0
2012-03-15,21.0,7.3,672.0
2012-03-16,22.0,7.1,671.0
2012-03-17,22.0,7.3,673.0
2012-03-18,20.0,7.4,673.0
2012-03-19,19.0,8.1,674.0
2012-03-20,19.0,8.6,677.0
2012-03-21,18.0,8.4,672.0
2012-03-22,17.0,9.0,671.0
2012-03-23,15.0,10.4,680.0
2012-03-24,15.0,10.1,675.0
2012-03-25,15.0,9.8,673.0
2012-03-26,12.0,9.7,680.0
2012-03-27,11.0,9.4,679.0
2012-03-28,13.0,9.1,676.0
2012-03-29,12.0,9.3,676.0
2012-03-30,11.0,9.2,674.0
2012-03-31,10.0,9.1,673.0
2012-04-01,15.0,8.9,673.0
2012-04-02,17.0,9.0,672.0
2012-04-03,17.0,9.2,673.0
2012-04-04,10.0,9.7,674.0
2012-04-05,9.2,9.7,675.0
2012-04-06,8.4,9.6,676.0
2012-04-07,8.9,9.8,676.0
2012-04-08,8.2,9.8,676.0
2012-04-09,9.4,9.6,677.0
2012-04-10,9.1,9.8,679.0
2012-04-11,8.3,10.3,681.0
2012-04-12,14.0,10.7,682.0
2012-04-13,12.0,10.7,681.0
2012-04-14,10.0,10.8,682.0
2012-04-15,9.8,11.1,683.0
2012-04-16,8.7,12.1,686.0
2012-04-17,6.9,13.7,690.0
2012-04-18,6.5,14.9,695.0
2012-04-19,7.3,14.4,693.0
2012-04-20,35.0,13.6,692.0
2012-04-21,32.0,14.0,693.0
2012-04-22,113.0,14.7,693.0
2012-04-23,205.0,14.4,679.0
2012-04-24,90.0,13.8,679.0
2012-04-25,55.0,13.7,680.0
2012-04-26,46.0,13.6,679.0
2012-04-27,17.0,13.7,679.0
2012-04-28,18.0,13.3,679.0
2012-04-29,16.0,13.6,683.0
2012-04-30,16.0,13.7,690.0
2012-05-01,57.0,13.2,688.0
2012-05-02,34.0,13.0,687.0
2012-05-03,26.0,12.9,688.0
2012-05-04,23.0,13.0,686.0
2012-05-05,22.0,13.2,686.0
2012-05-06,19.0,13.7,687.0
2012-05-07,18.0,14.3,690.0
2012-05-08,21.0,13.5,689.0
2012-05-09,65.0,13.5,688.0
2012-05-10,129.0,13.7,681.0
2012-05-11,88.0,13.7,684.0
2012-05-12,61.0,14.1,686.0
2012-05-13,49.0,14.6,687.0
2012-05-14,56.0,15.1,688.0
2012-05-15,42.0,14.9,687.0
2012-05-16,44.0,15.1,687.0
2012-05-17,31.0,15.7,686.0
2012-05-18,24.0,15.6,684.0
2012-05-19,21.0,15.8,683.0
2012-05-20,20.0,16.0,684.0
2012-05-21,22.0,16.1,684.0
2012-05-22,47.0,16.2,684.0
2012-05-23,32.0,16.1,683.0
2012-05-24,24.0,16.2,682.0
2012-05-25,23.0,16.2,681.0
2012-05-26,21.0,16.4,682.0
2012-05-27,18.0,16.6,681.0
2012-05-28,12.0,16.9,682.0
2012-05-29,14.0,16.9,682.0
2012-05-30,22.0,16.9,683.0
2012-05-31,16.0,17.1,683.0
2012-06-01,12.0,17.3,683.0
2012-06-02,93.0,17.1,682.0
2012-06-03,88.0,18.1,683.0
2012-06-04,53.0,18.9,680.0
2012-06-05,40.0,18.3,679.0
2012-06-06,30.0,17.5,678.0
2012-06-07,25.0,17.6,678.0
2012-06-08,35.0,17.7,678.0
2012-06-09,41.0,17.7,679.0
2012-06-10,35.0,18.1,680.0
2012-06-11,15.0,18.1,680.0
2012-06-12,13.0,18.0,679.0
2012-06-13,29.0,18.2,679.0
2012-06-14,34.0,19.5,679.0
2012-06-15,21.0,19.5,679.0
2012-06-16,16.0,19.4,679.0
2012-06-17,14.0,19.0,677.0
2012-06-18,13.0,19.1,676.0
2012-06-19,12.0,19.0,674.0
2012-06-20,12.0,20.1,672.0
2012-06-21,10.0,20.8,670.0
2012-06-22,9.5,21.1,667.0
2012-06-23,32.0,21.2,666.0
2012-06-24,38.0,21.2,665.0
2012-06-25,38.0,21.4,666.0
2012-06-26,35.0,22.1,664.0
2012-06-27,19.0,21.7,669.0
2012-06-28,15.0,21.8,678.0
2012-06-29,17.0,22.0,679.0
2012-06-30,12.0,22.3,680.0
2012-07-01,9.9,22.5,681.0
2012-07-02,7.9,23.0,683.0
2012-07-03,7.2,23.3,684.0
2012-07-04,15.0,23.4,688.0
2012-07-05,9.8,24.3,693.0
2012-07-06,7.9,24.3,700.0
2012-07-07,7.1,24.4,702.0
2012-07-08,5.6,24.7,703.0
2012-07-09,4.1,24.9,704.0
2012-07-10,3.1,24.9,705.0
2012-07-11,3.1,25.0,705.0
2012-07-12,2.9,24.9,704.0
2012-07-13,3.0,24.8,704.0
2012-07-14,3.0,25.1,705.0
2012-07-15,2.6,25.2,705.0
2012-07-16,1.6,25.8,708.0
2012-07-17,1.5,25.6,710.0
2012-07-18,42.0,26.2,713.0
2012-07-19,33.0,26.4,709.0
2012-07-20,8.4,26.2,708.0
2012-07-21,5.1,25.8,709.0
2012-07-22,3.9,25.3,708.0
2012-07-23,3.8,25.0,707.0
2012-07-24,7.6,25.5,706.0
2012-07-25,8.4,25.8,709.0
2012-07-26,4.1,25.5,706.0
2012-07-27,3.4,25.4,703.0
2012-07-28,16.0,25.5,702.0
2012-07-29,21.0,25.4,694.0
2012-07-30,7.0,24.6,685.0
2012-07-31,5.3,24.6,683.0
2012-08-01,41.0,24.6,681.0
2012-08-02,18.0,24.7,685.0
2012-08-03,8.5,25.0,684.0
2012-08-04,5.6,25.9,686.0
2012-08-05,5.2,25.5,686.0
2012-08-06,6.3,26.1,683.0
2012-08-07,3.2,26.4,686.0
2012-08-08,3.2,23.7,685.0
2012-08-09,2.7,22.3,682.0
2012-08-10,12.0,22.6,678.0
2012-08-11,34.0,22.9,677.0
2012-08-12,20.0,22.9,675.0
2012-08-13,13.0,23.2,672.0
2012-08-14,6.8,23.5,671.0
2012-08-15,21.0,23.7,678.0
2012-08-16,109.0,23.8,671.0
2012-08-17,51.0,24.0,676.0
2012-08-18,30.0,24.1,674.0
2012-08-19,19.0,24.0,672.0
2012-08-20,14.0,23.7,668.0
2012-08-21,10.0,23.5,673.0
2012-08-22,8.2,23.7,680.0
2012-08-23,6.6,23.8,681.0
2012-08-24,5.3,23.9,687.0
2012-08-25,4.1,24.0,694.0
2012-08-26,3.2,24.0,677.0
2012-08-27,2.6,24.0,669.0
2012-08-28,6.7,24.2,664.0
2012-08-29,15.0,24.3,664.0
2012-08-30,7.4,24.4,677.0
2012-08-31,6.4,24.4,681.0
2012-09-01,6.0,24.6,680.0
2012-09-02,6.6,24.5,686.0
2012-09-03,7.0,24.2,693.0
2012-09-04,8.4,24.0,697.0
2012-09-05,54.0,23.8,705.0
2012-09-06,16.0,23.9,705.0
2012-09-07,9.1,23.8,702.0
2012-09-08,7.2,23.9,701.0
2012-09-09,5.0,24.0,698.0
2012-09-10,2.2,23.5,695.0
2012-09-11,2.2,22.6,693.0
2012-09-12,2.3,22.0,691.0
2012-09-13,4.8,21.9,692.0
2012-09-14,4.8,21.9,691.0
2012-09-15,4.3,22.0,692.0
2012-09-16,4.4,21.7,694.0
2012-09-17,3.7,21.4,692.0
2012-09-18,9.0,21.2,690.0
2012-09-19,35.0,21.2,688.0
2012-09-20,18.0,20.9,686.0
2012-09-21,7.7,20.6,684.0
2012-09-22,6.2,20.2,681.0
2012-09-23,5.1,20.0,684.0
2012-09-24,3.0,19.7,685.0
2012-09-25,2.3,19.3,685.0
2012-09-26,2.6,19.2,690.0
2012-09-27,2.6,19.4,690.0
2012-09-28,12.0,19.1,689.0
2012-09-29,34.0,18.4,683.0
2012-09-30,16.0,18.0,680.0
2012-10-01,10.0,17.6,681.0
2012-10-02,7.8,17.4,685.0
2012-10-03,8.1,17.4,688.0
2012-10-04,7.8,17.4,689.0
2012-10-05,7.4,17.4,690.0
2012-10-06,6.3,17.5,690.0
2012-10-07,4.2,17.2,689.0
2012-10-08,8.7,16.8,688.0
2012-10-09,5.3,16.5,689.0
2012-10-10,5.9,16.0,688.0
2012-10-11,8.7,15.7,686.0
2012-10-12,5.4,15.1,686.0
2012-10-13,3.7,14.2,686.0
2012-10-14,17.0,14.0,686.0
2012-10-15,17.0,14.0,691.0
2012-10-16,11.0,14.2,690.0
2012-10-17,7.9,13.9,689.0
2012-10-18,7.4,13.9,689.0
2012-10-19,7.3,14.1,689.0
2012-10-20,87.0,14.3,686.0
2012-10-21,40.0,14.3,688.0
2012-10-22,19.0,14.2,688.0
2012-10-23,14.0,14.2,686.0
2012-10-24,11.0,14.1,686.0
2012-10-25,14.0,13.9,682.0
2012-10-26,43.0,14.0,685.0
2012-10-27,68.0,14.0,688.0
2012-10-28,63.0,14.1,688.0
2012-10-29,94.0,13.7,678.0
2012-10-30,122.0,13.9,668.0
2012-10-31,95.0,14.0,668.0
2012-11-01,40.0,13.7,666.0
2012-11-02,27.0,13.5,669.0
2012-11-03,25.0,13.1,669.0
2012-11-04,21.0,12.7,669.0
2012-11-05,18.0,11.9,669.0
2012-11-06,39.0,11.2,668.0
2012-11-07,71.0,9.9,665.0
2012-11-08,70.0,8.4,660.0
2012-11-09,38.0,8.2,660.0
2012-11-10,28.0,8.1,659.0
2012-11-11,23.0,7.9,660.0
2012-11-12,21.0,8.1,661.0
2012-11-13,33.0,8.5,660.0
2012-11-14,19.0,8.4,658.0
2012-11-15,8.9,8.0,658.0
2012-11-16,10.0,7.8,657.0
2012-11-17,9.2,7.6,658.0
2012-11-18,8.5,7.5,657.0
2012-11-19,8.1,7.3,657.0
2012-11-20,8.5,7.2,656.0
2012-11-21,7.9,7.2,657.0
2012-11-22,7.9,7.1,657.0
2012-11-23,7.8,7.0,657.0
2012-11-24,8.0,7.0,657.0
2012-11-25,7.2,6.5,656.0
2012-11-26,6.6,6.1,655.0
2012-11-27,7.3,5.7,655.0
2012-11-28,7.4,5.4,654.0
2012-11-29,25.0,5.2,654.0
2012-11-30,17.0,4.7,655.0
2012-12-01,16.0,4.1,654.0
2012-12-02,16.0,3.9,654.0
2012-12-03,15.0,4.5,655.0
2012-12-04,15.0,4.6,655.0
2012-12-05,11.0,4.9,656.0
2012-12-06,6.1,4.6,656.0
2012-12-07,5.1,4.5,655.0
2012-12-08,13.0,4.6,653.0
2012-12-09,9.8,4.7,654.0
2012-12-10,36.0,4.7,650.0
2012-12-11,22.0,5.0,651.0
2012-12-12,15.0,4.8,651.0
2012-12-13,12.0,4.6,651.0
2012-12-14,10.0,4.4,650.0
2012-12-15,9.1,4.1,650.0
2012-12-16,9.4,3.7,649.0
2012-12-17,25.0,3.4,646.0
2012-12-18,84.0,3.7,640.0
2012-12-19,64.0,3.8,641.0
2012-12-20,43.0,3.6,643.0
2012-12-21,60.0,3.9,640.0
2012-12-22,62.0,3.9,639.0
2012-12-23,39.0,3.7,639.0
2012-12-24,29.0,3.5,641.0
2012-12-25,24.0,3.0,640.0
2012-12-26,37.0,2.6,640.0
2012-12-27,252.0,2.4,620.0
2012-12-28,225.0,2.2,625.0
2012-12-29,124.0,2.4,626.0
2012-12-30,93.0,1.5,628.0
2012-12-31,78.0,1.8,626.0
2013-01-01,66.0,1.8,628.0
2013-01-02,53.0,1.5,632.0
2013-01-03,47.0,1.4,640.0
2013-01-04,47.0,1.8,642.0
2013-01-05,49.0,2.1,640.0
2013-01-06,42.0,2.3,649.0
2013-01-07,35.0,2.4,654.0
2013-01-08,23.0,2.5,660.0
2013-01-09,20.0,2.6,663.0
2013-01-10,20.0,2.7,663.0
2013-01-11,17.0,2.9,665.0
2013-01-12,23.0,3.0,662.0
2013-01-13,25.0,3.1,661.0
2013-01-14,25.0,3.2,660.0
2013-01-15,23.0,3.2,657.0
2013-01-16,29.0,3.2,654.0
2013-01-17,30.0,3.3,654.0
2013-01-18,25.0,3.3,656.0
2013-01-19,22.0,3.3,648.0
2013-01-20,22.0,3.3,644.0
2013-01-21,21.0,3.3,642.0
2013-01-22,19.0,3.1,641.0
2013-01-23,30.0,2.9,643.0
2013-01-24,29.0,2.8,644.0
2013-01-25,27.0,3.0,645.0
2013-01-26,26.0,3.1,645.0
2013-01-27,25.0,3.1,647.0
2013-01-28,25.0,3.4,650.0
2013-01-29,26.0,3.6,653.0
2013-01-30,31.0,3.7,657.0
2013-01-31,58.0,3.6,656.0
2013-02-01,53.0,3.5,656.0
2013-02-02,39.0,2.9,653.0
2013-02-03,34.0,3.0,654.0
2013-02-04,31.0,2.8,654.0
2013-02-05,29.0,2.9,656.0
2013-02-06,28.0,2.6,655.0
2013-02-07,27.0,2.8,658.0
2013-02-08,32.0,2.4,657.0
2013-02-09,43.0,1.6,662.0
2013-02-10,38.0,1.4,662.0
2013-02-11,44.0,1.6,662.0
2013-02-12,58.0,1.8,663.0
2013-02-13,52.0,1.9,662.0
2013-02-14,47.0,2.2,662.0
2013-02-15,46.0,2.4,661.0
2013-02-16,47.0,2.6,661.0
2013-02-17,42.0,2.4,664.0
2013-02-18,37.0,2.4,664.0
2013-02-19,41.0,2.4,665.0
2013-02-20,69.0,2.6,667.0
2013-02-21,51.0,2.3,666.0
2013-02-22,44.0,2.3,667.0
2013-02-23,42.0,2.5,669.0
2013-02-24,70.0,2.1,671.0
2013-02-25,66.0,2.0,671.0
2013-02-26,47.0,2.4,672.0
2013-02-27,136.0,2.4,670.0
2013-02-28,203.0,2.4,671.0
2013-03-01,140.0,2.4,672.0
2013-03-02,105.0,2.4,673.0
2013-03-03,91.0,2.6,669.0
2013-03-04,84.0,2.7,669.0
2013-03-05,78.0,2.7,675.0
2013-03-06,76.0,2.7,679.0
2013-03-07,80.0,2.6,681.0
2013-03-08,82.0,2.4,682.0
2013-03-09,78.0,2.3,683.0
2013-03-10,77.0,2.6,684.0
2013-03-11,80.0,2.8,684.0
2013-03-12,91.0,3.1,688.0
2013-03-13,115.0,3.3,687.0
2013-03-14,92.0,3.7,693.0
2013-03-15,80.0,3.6,693.0
2013-03-16,74.0,3.7,695.0
2013-03-17,69.0,3.8,696.0
2013-03-18,65.0,3.6,698.0
2013-03-19,76.0,3.1,693.0
2013-03-20,84.0,3.0,693.0
2013-03-21,77.0,3.4,695.0
2013-03-22,71.0,3.6,697.0
2013-03-23,67.0,3.7,703.0
2013-03-24,68.0,3.9,706.0
2013-03-25,68.0,4.3,706.0
2013-03-26,66.0,4.4,706.0
2013-03-27,63.0,4.8,708.0
2013-03-28,60.0,5.1,710.0
2013-03-29,58.0,5.2,710.0
2013-03-30,56.0,5.5,711.0
2013-03-31,54.0,5.3,710.0
2013-04-01,49.0,5.9,714.0
2013-04-02,43.0,6.1,718.0
2013-04-03,39.0,6.1,723.0
2013-04-04,36.0,6.1,724.0
2013-04-05,33.0,6.1,723.0
2013-04-06,31.0,6.8,727.0
2013-04-07,30.0,6.6,725.0
2013-04-08,29.0,7.1,727.0
2013-04-09,28.0,7.3,728.0
2013-04-10,30.0,7.8,730.0
2013-04-11,32.0,8.2,727.5
2013-04-12,35.0,9.2,725.0
2013-04-13,41.0,9.0,725.0
2013-04-14,34.0,8.6,732.0
2013-04-15,30.0,8.8,733.0
2013-04-16,29.0,8.9,734.0
2013-04-17,28.0,9.5,738.0
2013-04-18,27.0,9.9,740.0
2013-04-19,27.0,10.0,741.0
2013-04-20,40.0,10.7,741.0
2013-04-21,34.0,11.1,742.0
2013-04-22,27.0,12.0,745.0
2013-04-23,24.0,12.0,746.0
2013-04-24,25.0,11.4,745.0
2013-04-25,24.0,11.4,745.0
2013-04-26,23.0,11.8,746.0
2013-04-27,21.0,11.7,745.0
2013-04-28,19.0,11.8,744.0
2013-04-29,18.0,11.8,743.0
2013-04-30,18.0,12.0,742.0
2013-05-01,17.0,12.1,742.0
2013-05-02,15.0,12.2,741.0
2013-05-03,15.0,12.3,740.0
2013-05-04,13.0,12.4,741.0
2013-05-05,12.0,12.4,741.0
2013-05-06,12.0,12.4,741.0
2013-05-07,12.0,12.6,736.0
2013-05-08,12.0,12.9,725.0
2013-05-09,17.0,13.0,736.0
2013-05-10,26.0,12.8,738.0
2013-05-11,19.0,12.8,736.0
2013-05-12,17.0,12.8,743.0
2013-05-13,13.0,12.8,755.0
2013-05-14,11.0,12.6,756.0
2013-05-15,9.4,12.6,758.0
2013-05-16,8.5,12.8,759.0
2013-05-17,7.5,13.0,760.0
2013-05-18,7.4,13.1,760.0
2013-05-19,7.7,13.3,761.0
2013-05-20,9.9,13.5,761.0
2013-05-21,10.0,13.8,761.0
2013-05-22,13.0,13.9,761.0
2013-05-23,14.0,13.9,760.0
2013-05-24,19.0,13.9,757.0
2013-05-25,35.0,13.8,755.0
2013-05-26,22.0,13.8,754.0
2013-05-27,14.0,14.0,756.0
2013-05-28,13.0,14.5,755.0
2013-05-29,18.0,14.8,757.0
2013-05-30,49.0,15.1,758.0
2013-05-31,31.0,15.5,760.0
2013-06-01,23.0,15.7,762.0
2013-06-02,20.0,15.9,760.0
2013-06-03,26.0,16.4,761.0
2013-06-04,20.0,16.3,763.0
2013-06-05,13.0,16.3,763.0
2013-06-06,13.0,16.6,766.0
2013-06-07,117.0,16.5,764.0
2013-06-08,232.0,18.3,759.0
2013-06-09,101.0,19.6,759.0
2013-06-10,60.0,19.3,759.0
2013-06-11,157.0,19.1,753.0
2013-06-12,156.0,19.2,750.0
2013-06-13,130.0,19.0,747.0
2013-06-14,195.0,19.3,732.0
2013-06-15,119.0,19.4,718.0
2013-06-16,79.0,19.2,719.0
2013-06-17,95.0,19.2,723.0
2013-06-18,122.0,19.7,727.0
2013-06-19,84.0,19.9,727.0
2013-06-20,69.0,19.7,725.0
2013-06-21,54.0,19.7,728.0
2013-06-22,43.0,19.7,732.0
2013-06-23,39.0,19.5,734.0
2013-06-24,45.0,19.8,725.0
2013-06-25,41.0,20.2,729.0
2013-06-26,41.0,21.1,738.0
2013-06-27,37.0,21.1,745.0
2013-06-28,49.0,20.9,746.0
2013-06-29,42.0,20.7,749.0
2013-06-30,29.0,20.6,754.0
2013-07-01,36.0,21.0,750.0
2013-07-02,76.0,21.7,748.0
2013-07-03,36.0,21.5,749.0
2013-07-04,30.0,21.4,748.0
2013-07-05,26.0,21.4,748.0
2013-07-06,23.0,21.5,748.0
2013-07-07,20.0,21.9,749.0
2013-07-08,16.0,21.0,742.0
2013-07-09,15.0,19.1,727.0
2013-07-10,15.0,18.7,724.0
2013-07-11,15.0,18.8,729.0
2013-07-12,14.0,18.8,722.0
2013-07-13,12.0,18.8,719.0
2013-07-14,12.0,18.9,722.0
2013-07-15,11.0,19.3,720.0
2013-07-16,10.0,19.8,716.0
2013-07-17,10.0,19.4,730.0
2013-07-18,8.9,19.2,737.0
2013-07-19,9.6,19.9,735.0
2013-07-20,9.8,20.8,730.0
2013-07-21,13.0,21.0,727.0
2013-07-22,8.1,21.2,726.0
2013-07-23,30.0,20.3,726.0
2013-07-24,54.0,20.9,742.0
2013-07-25,21.0,20.7,751.0
2013-07-26,33.0,20.3,748.0
2013-07-27,24.0,20.4,746.0
2013-07-28,16.0,20.7,744.0
2013-07-29,15.0,20.7,742.0
2013-07-30,15.0,20.5,740.0
2013-07-31,12.0,22.8,737.0
2013-08-01,10.0,24.1,731.0
2013-08-02,41.0,23.9,729.0
2013-08-03,25.0,23.8,728.0
2013-08-04,16.0,23.0,731.0
2013-08-05,12.0,20.1,739.0
2013-08-06,9.2,20.1,737.0
2013-08-07,9.0,20.1,735.0
2013-08-08,11.0,20.0,735.0
2013-08-09,42.0,20.0,741.0
2013-08-10,46.0,20.1,744.0
2013-08-11,21.0,20.2,738.0
2013-08-12,16.0,20.1,734.0
2013-08-13,12.0,19.4,729.0
2013-08-14,10.0,20.7,724.0
2013-08-15,8.8,21.9,721.0
2013-08-16,8.1,22.4,721.0
2013-08-17,7.5,22.6,715.0
2013-08-18,6.9,22.6,714.0
2013-08-19,6.3,22.5,713.0
2013-08-20,5.8,22.6,714.0
2013-08-21,5.5,22.8,711.0
2013-08-22,5.3,22.9,711.0
2013-08-23,5.1,23.2,709.0
2013-08-24,4.7,23.5,708.0
2013-08-25,4.6,23.4,707.0
2013-08-26,4.6,23.2,709.0
2013-08-27,4.9,23.5,712.0
2013-08-28,4.6,23.6,710.0
2013-08-29,4.8,23.8,719.0
2013-08-30,4.7,23.3,723.0
2013-08-31,4.5,23.2,723.0
2013-09-01,5.4,23.2,727.0
2013-09-02,5.4,23.2,728.0
2013-09-03,5.7,23.2,735.0
2013-09-04,4.6,23.1,733.0
2013-09-05,3.7,23.2,732.0
2013-09-06,3.5,22.8,734.0
2013-09-07,3.2,22.3,735.0
2013-09-08,2.9,22.4,734.0
2013-09-09,2.9,21.9,732.0
2013-09-10,3.0,21.4,735.0
2013-09-11,3.0,21.5,729.0
2013-09-12,3.2,21.6,715.0
2013-09-13,39.0,22.1,710.0
2013-09-14,9.7,22.1,720.0
2013-09-15,3.8,21.7,719.0
2013-09-16,3.5,21.4,716.0
2013-09-17,3.5,20.5,714.0
2013-09-18,4.5,20.2,717.0
2013-09-19,4.4,19.8,720.0
2013-09-20,3.5,19.9,717.0
2013-09-21,4.3,19.9,713.0
2013-09-22,6.6,20.0,714.0
2013-09-23,4.4,19.8,712.0
2013-09-24,3.3,19.4,711.0
2013-09-25,3.4,19.2,713.0
2013-09-26,3.9,19.1,711.0
2013-09-27,3.3,19.1,711.0
2013-09-28,3.1,18.8,716.0
2013-09-29,3.1,18.7,723.0
2013-09-30,3.0,18.7,732.0
2013-10-01,3.1,18.7,751.0
2013-10-02,3.0,18.7,755.0
2013-10-03,3.0,18.9,756.0
2013-10-04,2.9,18.9,756.0
2013-10-05,3.1,19.0,757.0
2013-10-06,3.6,19.0,756.0
2013-10-07,3.5,19.0,756.1875
2013-10-08,3.1,18.7133333333,756.375
2013-10-09,3.0,18.4266666667,756.5625
2013-10-10,3.0,18.14,756.75
2013-10-11,2.8,17.8533333333,756.9375
2013-10-12,2.6,17.5666666667,757.125
2013-10-13,2.7,17.28,757.3125
2013-10-14,2.6,16.9933333333,757.5
2013-10-15,2.7,16.7066666667,757.6875
2013-10-16,2.6,16.42,757.875
2013-10-17,2.7,16.1333333333,758.0625
2013-10-18,3.0,15.8466666667,758.25
2013-10-19,2.8,15.56,758.4375
2013-10-20,2.8,15.2733333333,758.625
2013-10-21,2.8,14.9866666667,758.8125
2013-10-22,2.7,14.7,759.0
2013-10-23,2.7,14.4133333333,759.1875
2013-10-24,2.9,14.1266666667,759.375
2013-10-25,2.8,13.84,759.5625
2013-10-26,2.7,13.5533333333,759.75
2013-10-27,2.8,13.2666666667,759.9375
2013-10-28,2.8,12.98,760.125
2013-10-29,2.7,12.6933333333,760.3125
2013-10-30,2.6,12.4066666667,760.5
2013-10-31,2.7,12.12,760.6875
2013-11-01,2.8,11.8333333333,760.875
2013-11-02,2.9,11.5466666667,761.0625
2013-11-03,3.1,11.26,761.25
2013-11-04,3.0,10.9733333333,761.4375
2013-11-05,3.1,10.6866666667,761.625
2013-11-06,3.1,10.4,761.8125
2013-11-07,3.2,10.5,762.0
2013-11-08,3.2,10.0,760.0
2013-11-09,3.3,9.6,760.0
2013-11-10,3.4,9.6,759.0
2013-11-11,3.4,9.2,759.0
2013-11-12,3.6,8.7,759.0
2013-11-13,3.4,8.0,757.0
2013-11-14,3.3,7.7,757.0
2013-11-15,3.3,7.4,757.0
2013-11-16,3.2,7.4,758.0
2013-11-17,3.2,7.5,758.0
2013-11-18,3.9,7.7,759.0
2013-11-19,3.9,7.5,758.0
2013-11-20,3.3,6.8,756.0
2013-11-21,3.3,6.6,756.0
2013-11-22,3.7,6.7,756.0
2013-11-23,4.3,6.6,756.0
2013-11-24,3.4,5.5,754.0
2013-11-25,3.4,4.7,752.0
2013-11-26,5.5,4.7,752.0
2013-11-27,41.0,4.9,749.0
2013-11-28,41.0,4.5,746.0
2013-11-29,27.0,4.1,745.0
2013-11-30,22.0,3.5,744.0
2013-12-01,22.0,3.7,743.0
2013-12-02,24.0,3.5,744.0
2013-12-03,15.0,3.6,742.0
2013-12-04,9.4,3.8,742.0
2013-12-05,8.8,3.9,742.0
2013-12-06,10.0,4.1,741.0
2013-12-07,27.0,3.8,738.0
2013-12-08,18.0,3.7,738.0
2013-12-09,26.0,3.2,737.0
2013-12-10,25.0,3.5,738.0
2013-12-11,18.0,3.2,736.0
2013-12-12,15.0,2.8,735.0
2013-12-13,13.0,3.1,741.0
2013-12-14,13.0,2.8,744.0
2013-12-15,15.0,2.6,747.0
2013-12-16,15.0,2.5,750.0
2013-12-17,14.0,2.5,750.0
2013-12-18,14.0,2.7,750.0
2013-12-19,14.0,2.8,749.0
2013-12-20,15.0,3.1,750.0
2013-12-21,21.0,3.4,749.0
2013-12-22,27.0,3.6,749.0
2013-12-23,39.0,3.4,748.0
2013-12-24,41.0,3.2,751.0
2013-12-25,25.0,2.7,752.0
2013-12-26,19.0,3.0,755.0
2013-12-27,18.0,3.1,757.0
2013-12-28,17.0,3.3,759.0
2013-12-29,45.0,3.5,751.0
2013-12-30,86.0,3.4,761.0
2013-12-31,39.0,3.0,766.0
2014-01-01,24.0,3.1,773.0
