time,temp,salt
2012-01-01 12:00:00,    3.600366,  624.385432
2012-01-01 24:00:00,    3.600368,  624.403408
2012-01-02 12:00:00,    3.066699,  634.933040
2012-01-02 24:00:00,    3.097400,  635.412518
2012-01-03 12:00:00,    3.121331,  635.921786
2012-01-03 24:00:00,    3.140243,  636.439185
2012-01-04 12:00:00,    3.155379,  636.952589
2012-01-04 24:00:00,    3.167683,  637.456391
2012-01-05 12:00:00,    3.177810,  637.947209
2012-01-05 24:00:00,    3.186255,  638.423946
2012-01-06 12:00:00,    3.124118,  638.849620
2012-01-06 24:00:00,    3.075840,  639.260068
2012-01-07 12:00:00,    3.045025,  639.848631
2012-01-07 24:00:00,    3.018945,  640.395746
2012-01-08 12:00:00,    2.996691,  640.908960
2012-01-08 24:00:00,    2.977645,  641.394171
2012-01-09 12:00:00,    2.961243,  641.855650
2012-01-09 24:00:00,    2.947064,  642.296852
2012-01-10 12:00:00,    2.934528,  642.719096
2012-01-10 24:00:00,    2.923611,  643.126066
2012-01-11 12:00:00,    2.913995,  643.518952
2012-01-11 24:00:00,    2.905551,  643.899756
2012-01-12 12:00:00,    2.888391,  644.376976
2012-01-12 24:00:00,    2.874158,  644.826770
2012-01-13 12:00:00,    2.996707,  648.753586
2012-01-13 24:00:00,    2.979417,  649.281534
2012-01-14 12:00:00,    2.719141,  647.045738
2012-01-14 24:00:00,    2.718893,  647.480917
2012-01-15 12:00:00,    2.729965,  648.042258
2012-01-15 24:00:00,    2.739372,  648.572082
2012-01-16 12:00:00,    2.747211,  649.070417
2012-01-16 24:00:00,    2.753895,  649.542523
2012-01-17 12:00:00,    2.759442,  649.988643
2012-01-17 24:00:00,    2.764196,  650.414096
2012-01-18 12:00:00,    2.668092,  650.675916
2012-01-18 24:00:00,    2.593528,  650.956762
2012-01-19 12:00:00,    2.535349,  651.248483
2012-01-19 24:00:00,    2.490050,  651.547350
2012-01-20 12:00:00,    2.454328,  651.847774
2012-01-20 24:00:00,    2.426400,  652.149473
2012-01-21 12:00:00,    2.404404,  652.449813
2012-01-21 24:00:00,    2.387076,  652.748092
2012-01-22 12:00:00,    2.373340,  653.043154
2012-01-22 24:00:00,    2.362408,  653.334559
2012-01-23 12:00:00,    2.353653,  653.621877
2012-01-23 24:00:00,    2.346599,  653.904948
2012-01-24 12:00:00,    2.340825,  654.183200
2012-01-24 24:00:00,    2.336092,  654.457111
2012-01-25 12:00:00,    2.346763,  654.893751
2012-01-25 24:00:00,    2.355426,  655.296973
2012-01-26 12:00:00,    2.362274,  655.670893
2012-01-26 24:00:00,    2.367819,  656.023078
2012-01-27 12:00:00,    2.371940,  656.352859
2012-01-27 24:00:00,    2.375236,  656.668326
2012-01-28 12:00:00,    2.376436,  656.963349
2012-01-28 24:00:00,    2.377269,  657.249434
2012-01-29 12:00:00,    2.372130,  657.356484
2012-01-29 24:00:00,    2.367631,  657.486788
2012-01-30 12:00:00,    2.363454,  657.633616
2012-01-30 24:00:00,    2.359793,  657.794725
2012-01-31 12:00:00,    2.356430,  657.963435
2012-01-31 24:00:00,    2.353320,  658.136990
2012-02-01 12:00:00,    2.350515,  658.315425
2012-02-01 24:00:00,    2.348052,  658.498382
2012-02-02 12:00:00,    2.345942,  658.685125
2012-02-02 24:00:00,    2.344182,  658.874873
2012-02-03 12:00:00,    2.342762,  659.066818
2012-02-03 24:00:00,    2.341668,  659.260221
2012-02-04 12:00:00,    2.340882,  659.454299
2012-02-04 24:00:00,    2.340391,  659.647982
2012-02-05 12:00:00,    2.340179,  659.840584
2012-02-05 24:00:00,    2.340227,  660.031401
2012-02-06 12:00:00,    2.340516,  660.219935
2012-02-06 24:00:00,    2.341027,  660.405927
2012-02-07 12:00:00,    2.341741,  660.589270
2012-02-07 24:00:00,    2.342637,  660.769942
2012-02-08 12:00:00,    2.343699,  660.947980
2012-02-08 24:00:00,    2.344911,  661.123453
2012-02-09 12:00:00,    2.346258,  661.296448
2012-02-09 24:00:00,    2.347726,  661.467067
2012-02-10 12:00:00,    2.349305,  661.635412
2012-02-10 24:00:00,    2.350982,  661.801589
2012-02-11 12:00:00,    2.352748,  661.965699
2012-02-11 24:00:00,    2.354595,  662.127839
2012-02-12 12:00:00,    2.356515,  662.288102
2012-02-12 24:00:00,    2.358502,  662.446574
2012-02-13 12:00:00,    2.360549,  662.603336
2012-02-13 24:00:00,    2.362650,  662.758465
2012-02-14 12:00:00,    2.364802,  662.912035
2012-02-14 24:00:00,    2.367000,  663.064114
2012-02-15 12:00:00,    2.369240,  663.214770
2012-02-15 24:00:00,    2.371519,  663.364064
2012-02-16 12:00:00,    2.373834,  663.512058
2012-02-16 24:00:00,    2.376183,  663.658807
2012-02-17 12:00:00,    2.378565,  663.804366
2012-02-17 24:00:00,    2.380976,  663.948785
2012-02-18 12:00:00,    2.383417,  664.092113
2012-02-18 24:00:00,    2.385885,  664.234396
2012-02-19 12:00:00,    2.388380,  664.375680
2012-02-19 24:00:00,    2.390901,  664.516009
2012-02-20 12:00:00,    2.393447,  664.655428
2012-02-20 24:00:00,    2.396018,  664.793984
2012-02-21 12:00:00,    2.398613,  664.931721
2012-02-21 24:00:00,    2.401234,  665.068653
2012-02-22 12:00:00,    2.403883,  665.204762
2012-02-22 24:00:00,    2.406563,  665.340041
2012-02-23 12:00:00,    2.409275,  665.474509
2012-02-23 24:00:00,    2.412022,  665.608206
2012-02-24 12:00:00,    2.414801,  665.741188
2012-02-24 24:00:00,    2.417614,  665.873490
2012-02-25 12:00:00,    2.420461,  666.005112
2012-02-25 24:00:00,    2.423342,  666.136028
2012-02-26 12:00:00,    2.426256,  666.266138
2012-02-26 24:00:00,    2.429204,  666.396432
2012-02-27 12:00:00,    2.432180,  666.527558
2012-02-27 24:00:00,    2.435181,  666.659815
2012-02-28 12:00:00,    2.438204,  666.793295
2012-02-28 24:00:00,    2.441244,  666.927958
2012-02-29 12:00:00,    2.444300,  667.063690
2012-02-29 24:00:00,    2.447367,  667.200339
2012-03-01 12:00:00,    2.450445,  667.337739
2012-03-01 24:00:00,    2.453530,  667.475722
2012-03-02 12:00:00,    2.456621,  667.614111
2012-03-02 24:00:00,    2.459718,  667.752724
2012-03-03 12:00:00,    2.462816,  667.891127
2012-03-03 24:00:00,    2.465918,  668.029365
2012-03-04 12:00:00,    2.469016,  668.166577
2012-03-04 24:00:00,    2.472122,  668.303279
2012-03-05 12:00:00,    2.475221,  668.438092
2012-03-05 24:00:00,    2.478334,  668.572102
2012-03-06 12:00:00,    2.481462,  668.705206
2012-03-06 24:00:00,    2.484609,  668.837344
2012-03-07 12:00:00,    2.487777,  668.968492
2012-03-07 24:00:00,    2.490969,  669.098651
2012-03-08 12:00:00,    2.494192,  669.227559
2012-03-08 24:00:00,    2.497475,  669.354158
2012-03-09 12:00:00,    2.500834,  669.478074
2012-03-09 24:00:00,    2.504269,  669.599548
2012-03-10 12:00:00,    2.507775,  669.719064
2012-03-10 24:00:00,    2.511344,  669.837142
2012-03-11 12:00:00,    2.514968,  669.954233
2012-03-11 24:00:00,    2.518680,  670.070707
2012-03-12 12:00:00,    2.522566,  670.186898
2012-03-12 24:00:00,    2.526726,  670.303173
2012-03-13 12:00:00,    2.531386,  670.420063
2012-03-13 24:00:00,    2.537305,  670.538515
2012-03-14 12:00:00,    2.549301,  670.675145
2012-03-14 24:00:00,    2.570469,  670.842404
2012-03-15 12:00:00,    2.759783,  671.340562
2012-03-15 24:00:00,    2.922147,  671.803412
2012-03-16 12:00:00,    3.091619,  672.366368
2012-03-16 24:00:00,    3.238189,  672.885969
2012-03-17 12:00:00,    3.413640,  673.362774
2012-03-17 24:00:00,    3.563988,  673.806887
2012-03-18 12:00:00,    3.684340,  674.259179
2012-03-18 24:00:00,    3.788526,  674.684208
2012-03-19 12:00:00,    3.923432,  675.091034
2012-03-19 24:00:00,    4.038343,  675.475769
2012-03-20 12:00:00,    4.137519,  675.841104
2012-03-20 24:00:00,    4.224508,  676.189256
2012-03-21 12:00:00,    4.340135,  676.632436
2012-03-21 24:00:00,    4.439968,  677.048120
2012-03-22 12:00:00,    4.526450,  677.439622
2012-03-22 24:00:00,    4.601487,  677.809915
2012-03-23 12:00:00,    4.666788,  678.161478
2012-03-23 24:00:00,    4.723768,  678.496485
2012-03-24 12:00:00,    4.773640,  678.816799
2012-03-24 24:00:00,    4.817431,  679.124033
2012-03-25 12:00:00,    4.857752,  679.421090
2012-03-25 24:00:00,    4.896851,  679.710537
2012-03-26 12:00:00,    4.934614,  679.992855
2012-03-26 24:00:00,    4.970978,  680.268486
2012-03-27 12:00:00,    5.005907,  680.537834
2012-03-27 24:00:00,    5.039397,  680.801275
2012-03-28 12:00:00,    5.155028,  681.127248
2012-03-28 24:00:00,    5.253398,  681.442298
2012-03-29 12:00:00,    5.337252,  681.746864
2012-03-29 24:00:00,    5.408883,  682.041485
2012-03-30 12:00:00,    5.470218,  682.326738
2012-03-30 24:00:00,    5.522858,  682.603240
2012-03-31 12:00:00,    5.568150,  682.871596
2012-03-31 24:00:00,    5.607224,  683.132390
2012-04-01 12:00:00,    5.641032,  683.386180
2012-04-01 24:00:00,    5.670372,  683.633492
2012-04-02 12:00:00,    5.695919,  683.874810
2012-04-02 24:00:00,    5.718241,  684.110582
2012-04-03 12:00:00,    5.737820,  684.341211
2012-04-03 24:00:00,    5.755060,  684.567071
2012-04-04 12:00:00,    5.770306,  684.788496
2012-04-04 24:00:00,    5.783849,  685.005795
2012-04-05 12:00:00,    5.795932,  685.219250
2012-04-05 24:00:00,    5.806762,  685.429118
2012-04-06 12:00:00,    5.816515,  685.635628
2012-04-06 24:00:00,    5.825342,  685.838989
2012-04-07 12:00:00,    5.833370,  686.039391
2012-04-07 24:00:00,    5.840706,  686.237005
2012-04-08 12:00:00,    5.847444,  686.431986
2012-04-08 24:00:00,    5.853663,  686.624477
2012-04-09 12:00:00,    5.859431,  686.814604
2012-04-09 24:00:00,    5.864805,  687.002486
2012-04-10 12:00:00,    5.869837,  687.188230
2012-04-10 24:00:00,    5.874568,  687.371933
2012-04-11 12:00:00,    5.879035,  687.553687
2012-04-11 24:00:00,    5.883270,  687.733573
2012-04-12 12:00:00,    5.887301,  687.911668
2012-04-12 24:00:00,    5.891153,  688.088047
2012-04-13 12:00:00,    5.894875,  688.262813
2012-04-13 24:00:00,    5.898601,  688.436181
2012-04-14 12:00:00,    5.902450,  688.608355
2012-04-14 24:00:00,    5.906503,  688.779485
2012-04-15 12:00:00,    5.910806,  688.949685
2012-04-15 24:00:00,    5.915384,  689.119036
2012-04-16 12:00:00,    5.920258,  689.287612
2012-04-16 24:00:00,    5.925498,  689.455521
2012-04-17 12:00:00,    5.933743,  689.624421
2012-04-17 24:00:00,    5.947064,  689.795905
2012-04-18 12:00:00,    5.965749,  689.973300
2012-04-18 24:00:00,    5.990139,  690.159259
2012-04-19 12:00:00,    6.235012,  690.575807
2012-04-19 24:00:00,    6.443577,  690.965906
2012-04-20 12:00:00,    6.708394,  691.442931
2012-04-20 24:00:00,    6.934357,  691.883464
2012-04-21 12:00:00,    7.127581,  692.292116
2012-04-21 24:00:00,    7.293170,  692.672888
2012-04-22 12:00:00,    7.436400,  693.029348
2012-04-22 24:00:00,    7.559614,  693.364377
2012-04-23 12:00:00,    7.088856,  695.234964
2012-04-23 24:00:00,    7.359768,  695.266142
2012-04-24 12:00:00,    7.646507,  695.348506
2012-04-24 24:00:00,    7.867516,  695.487639
2012-04-25 12:00:00,    8.168106,  695.615940
2012-04-25 24:00:00,    8.369530,  695.795371
2012-04-26 12:00:00,    8.578345,  695.924984
2012-04-26 24:00:00,    8.740018,  696.069550
2012-04-27 12:00:00,    8.868475,  696.221834
2012-04-27 24:00:00,    8.970605,  696.380922
2012-04-28 12:00:00,    9.052787,  696.545260
2012-04-28 24:00:00,    9.119633,  696.713923
2012-04-29 12:00:00,    9.174522,  696.886231
2012-04-29 24:00:00,    9.219969,  697.061592
2012-04-30 12:00:00,    9.257871,  697.239445
2012-04-30 24:00:00,    9.289676,  697.419253
2012-05-01 12:00:00,    9.316502,  697.600508
2012-05-01 24:00:00,    9.339225,  697.782700
2012-05-02 12:00:00,    9.359276,  697.964026
2012-05-02 24:00:00,    9.376420,  698.145524
2012-05-03 12:00:00,    9.392122,  698.324739
2012-05-03 24:00:00,    9.405790,  698.502735
2012-05-04 12:00:00,    9.417874,  698.678875
2012-05-04 24:00:00,    9.428514,  698.853422
2012-05-05 12:00:00,    9.437902,  699.026353
2012-05-05 24:00:00,    9.446220,  699.197313
2012-05-06 12:00:00,    9.453595,  699.366276
2012-05-06 24:00:00,    9.460178,  699.532912
2012-05-07 12:00:00,    9.466083,  699.697083
2012-05-07 24:00:00,    9.471389,  699.858842
2012-05-08 12:00:00,    9.476149,  700.018312
2012-05-08 24:00:00,    9.480401,  700.175657
2012-05-09 12:00:00,    9.484180,  700.331057
2012-05-09 24:00:00,    9.487515,  700.484691
2012-05-10 12:00:00,    9.490789,  700.635534
2012-05-10 24:00:00,    9.493692,  700.784852
2012-05-11 12:00:00,    9.439179,  701.138419
2012-05-11 24:00:00,    9.396760,  701.438063
2012-05-12 12:00:00,    9.293770,  702.128959
2012-05-12 24:00:00,    9.213483,  702.677624
2012-05-13 12:00:00,    9.994799,  700.554876
2012-05-13 24:00:00,    9.828310,  701.328591
2012-05-14 12:00:00,    9.697908,  701.934832
2012-05-14 24:00:00,    9.595057,  702.423412
2012-05-15 12:00:00,    9.513473,  702.827863
2012-05-15 24:00:00,    9.448096,  703.172991
2012-05-16 12:00:00,    9.396610,  703.468667
2012-05-16 24:00:00,    9.356553,  703.726166
2012-05-17 12:00:00,    9.324707,  703.959409
2012-05-17 24:00:00,    9.298662,  704.177460
2012-05-18 12:00:00,    9.276818,  704.385292
2012-05-18 24:00:00,    9.258049,  704.585890
2012-05-19 12:00:00,    9.241569,  704.781003
2012-05-19 24:00:00,    9.226828,  704.971677
2012-05-20 12:00:00,    9.213437,  705.158562
2012-05-20 24:00:00,    9.201117,  705.342079
2012-05-21 12:00:00,    9.189665,  705.522525
2012-05-21 24:00:00,    9.178934,  705.700122
2012-05-22 12:00:00,    9.168814,  705.875050
2012-05-22 24:00:00,    9.159221,  706.047464
2012-05-23 12:00:00,    9.150107,  706.217414
2012-05-23 24:00:00,    9.141423,  706.385019
2012-05-24 12:00:00,    9.133143,  706.550309
2012-05-24 24:00:00,    9.125236,  706.713389
2012-05-25 12:00:00,    9.117675,  706.874368
2012-05-25 24:00:00,    9.110438,  707.033349
2012-05-26 12:00:00,    9.103507,  707.190429
2012-05-26 24:00:00,    9.096867,  707.345702
2012-05-27 12:00:00,    9.090505,  707.499254
2012-05-27 24:00:00,    9.084408,  707.651172
2012-05-28 12:00:00,    9.078566,  707.801535
2012-05-28 24:00:00,    9.072969,  707.950423
2012-05-29 12:00:00,    9.067608,  708.097903
2012-05-29 24:00:00,    9.062474,  708.244041
2012-05-30 12:00:00,    9.057560,  708.388901
2012-05-30 24:00:00,    9.052859,  708.532539
2012-05-31 12:00:00,    9.048363,  708.675011
2012-05-31 24:00:00,    9.044068,  708.816366
2012-06-01 12:00:00,    9.039965,  708.956653
2012-06-01 24:00:00,    9.036049,  709.095917
2012-06-02 12:00:00,    9.032312,  709.234195
2012-06-02 24:00:00,    9.028748,  709.371526
2012-06-03 12:00:00,    9.025483,  709.507053
2012-06-03 24:00:00,    9.022587,  709.640239
2012-06-04 12:00:00,    9.021459,  709.764665
2012-06-04 24:00:00,    9.020915,  709.885473
2012-06-05 12:00:00,    9.021464,  709.999879
2012-06-05 24:00:00,    9.022360,  710.113333
2012-06-06 12:00:00,    9.023372,  710.227473
2012-06-06 24:00:00,    9.024383,  710.342835
2012-06-07 12:00:00,    9.025335,  710.459442
2012-06-07 24:00:00,    9.026215,  710.577055
2012-06-08 12:00:00,    9.027029,  710.695366
2012-06-08 24:00:00,    9.027792,  710.814064
2012-06-09 12:00:00,    9.028528,  710.932874
2012-06-09 24:00:00,    9.029259,  711.051556
2012-06-10 12:00:00,    9.030008,  711.169913
2012-06-10 24:00:00,    9.030802,  711.287756
2012-06-11 12:00:00,    9.031661,  711.404938
2012-06-11 24:00:00,    9.032608,  711.521321
2012-06-12 12:00:00,    9.033662,  711.636811
2012-06-12 24:00:00,    9.034846,  711.751290
2012-06-13 12:00:00,    9.036189,  711.864625
2012-06-13 24:00:00,    9.037711,  711.976739
2012-06-14 12:00:00,    9.039428,  712.087636
2012-06-14 24:00:00,    9.041348,  712.197386
2012-06-15 12:00:00,    9.043464,  712.306090
2012-06-15 24:00:00,    9.045772,  712.413854
2012-06-16 12:00:00,    9.048260,  712.520786
2012-06-16 24:00:00,    9.050921,  712.626924
2012-06-17 12:00:00,    9.053756,  712.732254
2012-06-17 24:00:00,    9.056763,  712.836782
2012-06-18 12:00:00,    9.059938,  712.940556
2012-06-18 24:00:00,    9.063273,  713.043597
2012-06-19 12:00:00,    9.066769,  713.145904
2012-06-19 24:00:00,    9.070419,  713.247508
2012-06-20 12:00:00,    9.074215,  713.348476
2012-06-20 24:00:00,    9.078143,  713.448905
2012-06-21 12:00:00,    9.082187,  713.548898
2012-06-21 24:00:00,    9.086329,  713.648552
2012-06-22 12:00:00,    9.090552,  713.747952
2012-06-22 24:00:00,    9.094839,  713.847164
2012-06-23 12:00:00,    9.099177,  713.946237
2012-06-23 24:00:00,    9.103552,  714.045205
2012-06-24 12:00:00,    9.107955,  714.144079
2012-06-24 24:00:00,    9.112387,  714.242787
2012-06-25 12:00:00,    9.116863,  714.341141
2012-06-25 24:00:00,    9.121403,  714.438914
2012-06-26 12:00:00,    9.126033,  714.535910
2012-06-26 24:00:00,    9.130781,  714.631953
2012-06-27 12:00:00,    9.135664,  714.726937
2012-06-27 24:00:00,    9.140692,  714.820861
2012-06-28 12:00:00,    9.145860,  714.913855
2012-06-28 24:00:00,    9.151154,  715.006099
2012-06-29 12:00:00,    9.156558,  715.097758
2012-06-29 24:00:00,    9.162055,  715.188965
2012-06-30 12:00:00,    9.167631,  715.279813
2012-06-30 24:00:00,    9.173276,  715.370360
2012-07-01 12:00:00,    9.178981,  715.460640
2012-07-01 24:00:00,    9.184738,  715.550664
2012-07-02 12:00:00,    9.190543,  715.640428
2012-07-02 24:00:00,    9.196394,  715.729922
2012-07-03 12:00:00,    9.202288,  715.819129
2012-07-03 24:00:00,    9.208227,  715.908029
2012-07-04 12:00:00,    9.214208,  715.996602
2012-07-04 24:00:00,    9.220232,  716.084831
2012-07-05 12:00:00,    9.226301,  716.172701
2012-07-05 24:00:00,    9.232414,  716.260204
2012-07-06 12:00:00,    9.238572,  716.347333
2012-07-06 24:00:00,    9.244775,  716.434091
2012-07-07 12:00:00,    9.251023,  716.520484
2012-07-07 24:00:00,    9.257317,  716.606524
2012-07-08 12:00:00,    9.263676,  716.692254
2012-07-08 24:00:00,    9.270248,  716.777829
2012-07-09 12:00:00,    9.277336,  716.863565
2012-07-09 24:00:00,    9.285338,  716.949879
2012-07-10 12:00:00,    9.294681,  717.037244
2012-07-10 24:00:00,    9.305754,  717.126140
2012-07-11 12:00:00,    9.318876,  717.217012
2012-07-11 24:00:00,    9.334296,  717.310243
2012-07-12 12:00:00,    9.352191,  717.406136
2012-07-12 24:00:00,    9.372647,  717.504914
2012-07-13 12:00:00,    9.395655,  717.606714
2012-07-13 24:00:00,    9.421123,  717.711595
2012-07-14 12:00:00,    9.448901,  717.819542
2012-07-14 24:00:00,    9.478790,  717.930482
2012-07-15 12:00:00,    9.510564,  718.044294
2012-07-15 24:00:00,    9.543984,  718.160814
2012-07-16 12:00:00,    9.578809,  718.279856
2012-07-16 24:00:00,    9.614800,  718.401215
2012-07-17 12:00:00,    9.651733,  718.524677
2012-07-17 24:00:00,    9.689398,  718.650027
2012-07-18 12:00:00,    9.727608,  718.777056
2012-07-18 24:00:00,    9.766238,  718.905590
2012-07-19 12:00:00,    9.805241,  719.035518
2012-07-19 24:00:00,    9.844642,  719.166868
2012-07-20 12:00:00,    9.884581,  719.299639
2012-07-20 24:00:00,    9.925166,  719.434132
2012-07-21 12:00:00,    9.966484,  719.570551
2012-07-21 24:00:00,   10.008575,  719.709035
2012-07-22 12:00:00,   10.051423,  719.849640
2012-07-22 24:00:00,   10.094972,  719.992342
2012-07-23 12:00:00,   10.139132,  720.137049
2012-07-23 24:00:00,   10.183793,  720.283615
2012-07-24 12:00:00,   10.228832,  720.431858
2012-07-24 24:00:00,   10.274120,  720.581575
2012-07-25 12:00:00,   10.319527,  720.732551
2012-07-25 24:00:00,   10.364931,  720.884574
2012-07-26 12:00:00,   10.410214,  721.037430
2012-07-26 24:00:00,   10.455268,  721.190924
2012-07-27 12:00:00,   10.499998,  721.344868
2012-07-27 24:00:00,   10.544321,  721.499090
2012-07-28 12:00:00,   10.588163,  721.653435
2012-07-28 24:00:00,   10.631465,  721.807761
2012-07-29 12:00:00,   10.674175,  721.961940
2012-07-29 24:00:00,   10.716251,  722.115862
2012-07-30 12:00:00,   10.757661,  722.269428
2012-07-30 24:00:00,   10.798384,  722.422552
2012-07-31 12:00:00,   10.838401,  722.575159
2012-07-31 24:00:00,   10.877699,  722.727188
2012-08-01 12:00:00,   10.916270,  722.878585
2012-08-01 24:00:00,   10.954110,  723.029308
2012-08-02 12:00:00,   10.991221,  723.179319
2012-08-02 24:00:00,   11.027611,  723.328578
2012-08-03 12:00:00,   11.063289,  723.477045
2012-08-03 24:00:00,   11.098280,  723.624669
2012-08-04 12:00:00,   11.132604,  723.771413
2012-08-04 24:00:00,   11.166283,  723.917258
2012-08-05 12:00:00,   11.199334,  724.062198
2012-08-05 24:00:00,   11.231771,  724.206238
2012-08-06 12:00:00,   11.263608,  724.349387
2012-08-06 24:00:00,   11.294858,  724.491662
2012-08-07 12:00:00,   11.325528,  724.633078
2012-08-07 24:00:00,   11.355629,  724.773653
2012-08-08 12:00:00,   11.385167,  724.913404
2012-08-08 24:00:00,   11.414151,  725.052345
2012-08-09 12:00:00,   11.442591,  725.190492
2012-08-09 24:00:00,   11.470494,  725.327857
2012-08-10 12:00:00,   11.497871,  725.464449
2012-08-10 24:00:00,   11.524728,  725.600279
2012-08-11 12:00:00,   11.551079,  725.735355
2012-08-11 24:00:00,   11.576934,  725.869686
2012-08-12 12:00:00,   11.602303,  726.003276
2012-08-12 24:00:00,   11.627199,  726.136131
2012-08-13 12:00:00,   11.651636,  726.268248
2012-08-13 24:00:00,   11.675632,  726.399620
2012-08-14 12:00:00,   11.699202,  726.530238
2012-08-14 24:00:00,   11.722360,  726.660104
2012-08-15 12:00:00,   11.745122,  726.789225
2012-08-15 24:00:00,   11.767500,  726.917607
2012-08-16 12:00:00,   11.789506,  727.045260
2012-08-16 24:00:00,   11.811152,  727.172194
2012-08-17 12:00:00,   11.901487,  727.139918
2012-08-17 24:00:00,   11.960757,  727.200703
2012-08-18 12:00:00,   12.000892,  727.307841
2012-08-18 24:00:00,   12.028865,  727.437622
2012-08-19 12:00:00,   12.049624,  727.576238
2012-08-19 24:00:00,   12.066308,  727.716631
2012-08-20 12:00:00,   12.080875,  727.855441
2012-08-20 24:00:00,   12.094518,  727.991268
2012-08-21 12:00:00,   12.107940,  728.123713
2012-08-21 24:00:00,   12.121533,  728.252856
2012-08-22 12:00:00,   12.135493,  728.378964
2012-08-22 24:00:00,   12.149898,  728.502364
2012-08-23 12:00:00,   12.164753,  728.623362
2012-08-23 24:00:00,   12.180024,  728.742224
2012-08-24 12:00:00,   12.195657,  728.859164
2012-08-24 24:00:00,   12.211587,  728.974351
2012-08-25 12:00:00,   12.227749,  729.087911
2012-08-25 24:00:00,   12.244080,  729.199937
2012-08-26 12:00:00,   12.260521,  729.310498
2012-08-26 24:00:00,   12.277020,  729.419642
2012-08-27 12:00:00,   12.293529,  729.527403
2012-08-27 24:00:00,   12.310006,  729.633806
2012-08-28 12:00:00,   12.326414,  729.738866
2012-08-28 24:00:00,   12.342722,  729.842599
2012-08-29 12:00:00,   12.358903,  729.945014
2012-08-29 24:00:00,   12.374936,  730.046122
2012-08-30 12:00:00,   12.390800,  730.145937
2012-08-30 24:00:00,   12.406477,  730.244472
2012-08-31 12:00:00,   12.421956,  730.341741
2012-08-31 24:00:00,   12.437222,  730.437762
2012-09-01 12:00:00,   12.452269,  730.532557
2012-09-01 24:00:00,   12.467089,  730.626150
2012-09-02 12:00:00,   12.481676,  730.718566
2012-09-02 24:00:00,   12.496025,  730.809833
2012-09-03 12:00:00,   12.510134,  730.899980
2012-09-03 24:00:00,   12.524004,  730.989040
2012-09-04 12:00:00,   12.537632,  731.077046
2012-09-04 24:00:00,   12.551014,  731.164032
2012-09-05 12:00:00,   12.564155,  731.250032
2012-09-05 24:00:00,   12.577059,  731.335081
2012-09-06 12:00:00,   12.589726,  731.419214
2012-09-06 24:00:00,   12.602160,  731.502454
2012-09-07 12:00:00,   12.614369,  731.584810
2012-09-07 24:00:00,   12.626381,  731.666111
2012-09-08 12:00:00,   12.638240,  731.746094
2012-09-08 24:00:00,   12.649984,  731.824620
2012-09-09 12:00:00,   12.661638,  731.901716
2012-09-09 24:00:00,   12.673209,  731.977521
2012-09-10 12:00:00,   12.684696,  732.052237
2012-09-10 24:00:00,   12.696086,  732.126084
2012-09-11 12:00:00,   12.707366,  732.199274
2012-09-11 24:00:00,   12.718524,  732.271996
2012-09-12 12:00:00,   12.729545,  732.344411
2012-09-12 24:00:00,   12.740418,  732.416652
2012-09-13 12:00:00,   12.751133,  732.488827
2012-09-13 24:00:00,   12.761685,  732.561021
2012-09-14 12:00:00,   12.772070,  732.633302
2012-09-14 24:00:00,   12.782288,  732.705722
2012-09-15 12:00:00,   12.792338,  732.778323
2012-09-15 24:00:00,   12.802222,  732.851135
2012-09-16 12:00:00,   12.811944,  732.924183
2012-09-16 24:00:00,   12.821508,  732.997483
2012-09-17 12:00:00,   12.830918,  733.071052
2012-09-17 24:00:00,   12.840178,  733.144895
2012-09-18 12:00:00,   12.849292,  733.219020
2012-09-18 24:00:00,   12.858262,  733.293429
2012-09-19 12:00:00,   12.867097,  733.368125
2012-09-19 24:00:00,   12.875803,  733.443106
2012-09-20 12:00:00,   12.884382,  733.518369
2012-09-20 24:00:00,   12.892837,  733.593909
2012-09-21 12:00:00,   12.901174,  733.669721
2012-09-21 24:00:00,   12.909393,  733.745795
2012-09-22 12:00:00,   12.917501,  733.822120
2012-09-22 24:00:00,   12.925502,  733.898680
2012-09-23 12:00:00,   12.933399,  733.975464
2012-09-23 24:00:00,   12.941198,  734.052458
2012-09-24 12:00:00,   12.948900,  734.129645
2012-09-24 24:00:00,   12.956508,  734.207015
2012-09-25 12:00:00,   12.964027,  734.284554
2012-09-25 24:00:00,   12.971459,  734.362250
2012-09-26 12:00:00,   12.978806,  734.440095
2012-09-26 24:00:00,   12.986068,  734.518077
2012-09-27 12:00:00,   12.993251,  734.596190
2012-09-27 24:00:00,   13.000359,  734.674420
2012-09-28 12:00:00,   13.007391,  734.752763
2012-09-28 24:00:00,   13.014345,  734.831211
2012-09-29 12:00:00,   13.021227,  734.909757
2012-09-29 24:00:00,   13.028038,  734.988396
2012-09-30 12:00:00,   13.034780,  735.067111
2012-09-30 24:00:00,   13.041471,  735.145773
2012-10-01 12:00:00,   13.048145,  735.224173
2012-10-01 24:00:00,   13.054841,  735.302119
2012-10-02 12:00:00,   13.061588,  735.379481
2012-10-02 24:00:00,   13.068404,  735.456261
2012-10-03 12:00:00,   13.075289,  735.532564
2012-10-03 24:00:00,   13.082228,  735.608550
2012-10-04 12:00:00,   13.089202,  735.684385
2012-10-04 24:00:00,   13.096187,  735.760220
2012-10-05 12:00:00,   13.103156,  735.836173
2012-10-05 24:00:00,   13.110092,  735.912327
2012-10-06 12:00:00,   13.116969,  735.988734
2012-10-06 24:00:00,   13.123773,  736.065420
2012-10-07 12:00:00,   13.130490,  736.142390
2012-10-07 24:00:00,   13.137110,  736.219634
2012-10-08 12:00:00,   13.143629,  736.297131
2012-10-08 24:00:00,   13.150044,  736.374852
2012-10-09 12:00:00,   13.156352,  736.452770
2012-10-09 24:00:00,   13.162553,  736.530851
2012-10-10 12:00:00,   13.168650,  736.609062
2012-10-10 24:00:00,   13.174645,  736.687373
2012-10-11 12:00:00,   13.180542,  736.765747
2012-10-11 24:00:00,   13.186347,  736.844158
2012-10-12 12:00:00,   13.192063,  736.922576
2012-10-12 24:00:00,   13.197692,  737.000979
2012-10-13 12:00:00,   13.203240,  737.079346
2012-10-13 24:00:00,   13.208713,  737.157657
2012-10-14 12:00:00,   13.214113,  737.235899
2012-10-14 24:00:00,   13.219441,  737.314059
2012-10-15 12:00:00,   13.224704,  737.392127
2012-10-15 24:00:00,   13.229904,  737.470097
2012-10-16 12:00:00,   13.235044,  737.547963
2012-10-16 24:00:00,   13.240126,  737.625719
2012-10-17 12:00:00,   13.245151,  737.703360
2012-10-17 24:00:00,   13.250121,  737.780884
2012-10-18 12:00:00,   13.255037,  737.858284
2012-10-18 24:00:00,   13.259900,  737.935553
2012-10-19 12:00:00,   13.264710,  738.012680
2012-10-19 24:00:00,   13.269467,  738.089652
2012-10-20 12:00:00,   13.274172,  738.166454
2012-10-20 24:00:00,   13.278828,  738.243070
2012-10-21 12:00:00,   13.283438,  738.319450
2012-10-21 24:00:00,   13.288025,  738.395354
2012-10-22 12:00:00,   13.292683,  738.470074
2012-10-22 24:00:00,   13.297440,  738.543391
2012-10-23 12:00:00,   13.302294,  738.615422
2012-10-23 24:00:00,   13.307225,  738.686411
2012-10-24 12:00:00,   13.312206,  738.756607
2012-10-24 24:00:00,   13.317208,  738.826214
2012-10-25 12:00:00,   13.322205,  738.895385
2012-10-25 24:00:00,   13.327175,  738.964220
2012-10-26 12:00:00,   13.332097,  739.032785
2012-10-26 24:00:00,   13.336954,  739.101113
2012-10-27 12:00:00,   13.341731,  739.169222
2012-10-27 24:00:00,   13.346417,  739.237109
2012-10-28 12:00:00,   13.351010,  739.304693
2012-10-28 24:00:00,   13.355518,  739.371834
2012-10-29 12:00:00,   13.359980,  739.438182
2012-10-29 24:00:00,   13.364390,  739.503674
2012-10-30 12:00:00,   13.369071,  739.566282
2012-10-30 24:00:00,   13.373766,  739.627341
2012-10-31 12:00:00,   13.422982,  739.454461
2012-10-31 24:00:00,   13.451039,  739.419970
2012-11-01 12:00:00,   13.502568,  739.199979
2012-11-01 24:00:00,   13.548446,  739.005147
2012-11-02 12:00:00,   13.589261,  738.825582
2012-11-02 24:00:00,   13.625649,  738.647770
2012-11-03 12:00:00,   13.657624,  738.475345
2012-11-03 24:00:00,   13.685309,  738.310426
2012-11-04 12:00:00,   13.708897,  738.154135
2012-11-04 24:00:00,   13.728630,  738.006950
2012-11-05 12:00:00,   13.744774,  737.868944
2012-11-05 24:00:00,   13.757610,  737.739937
2012-11-06 12:00:00,   13.767420,  737.619605
2012-11-06 24:00:00,   13.774480,  737.507549
2012-11-07 12:00:00,   13.779054,  737.403328
2012-11-07 24:00:00,   13.781390,  737.306487
2012-11-08 12:00:00,   13.781731,  737.216360
2012-11-08 24:00:00,   13.780294,  737.132258
2012-11-09 12:00:00,   13.777349,  737.052522
2012-11-09 24:00:00,   13.772996,  736.976816
2012-11-10 12:00:00,   13.767365,  736.904780
2012-11-10 24:00:00,   13.760578,  736.835990
2012-11-11 12:00:00,   13.752740,  736.770225
2012-11-11 24:00:00,   13.743943,  736.707047
2012-11-12 12:00:00,   13.734265,  736.645862
2012-11-12 24:00:00,   13.723781,  736.586243
2012-11-13 12:00:00,   13.712567,  736.527971
2012-11-13 24:00:00,   13.700690,  736.470832
2012-11-14 12:00:00,   13.688214,  736.414576
2012-11-14 24:00:00,   13.675199,  736.358938
2012-11-15 12:00:00,   13.661693,  736.303580
2012-11-15 24:00:00,   13.647740,  736.248200
2012-11-16 12:00:00,   13.633384,  736.192598
2012-11-16 24:00:00,   13.618666,  736.136681
2012-11-17 12:00:00,   13.603624,  736.080454
2012-11-17 24:00:00,   13.588297,  736.023996
2012-11-18 12:00:00,   13.572719,  735.967436
2012-11-18 24:00:00,   13.556924,  735.910938
2012-11-19 12:00:00,   13.540945,  735.854683
2012-11-19 24:00:00,   13.524810,  735.798850
2012-11-20 12:00:00,   13.508549,  735.743615
2012-11-20 24:00:00,   13.492185,  735.689146
2012-11-21 12:00:00,   13.475742,  735.635592
2012-11-21 24:00:00,   13.459241,  735.583088
2012-11-22 12:00:00,   13.442702,  735.531752
2012-11-22 24:00:00,   13.426141,  735.481683
2012-11-23 12:00:00,   13.409575,  735.432966
2012-11-23 24:00:00,   13.393017,  735.385669
2012-11-24 12:00:00,   13.376479,  735.339847
2012-11-24 24:00:00,   13.359972,  735.295540
2012-11-25 12:00:00,   13.343504,  735.252783
2012-11-25 24:00:00,   13.327085,  735.211593
2012-11-26 12:00:00,   13.310722,  735.171984
2012-11-26 24:00:00,   13.294420,  735.133961
2012-11-27 12:00:00,   13.278185,  735.097520
2012-11-27 24:00:00,   13.262021,  735.062656
2012-11-28 12:00:00,   13.245931,  735.029355
2012-11-28 24:00:00,   13.229920,  734.997604
2012-11-29 12:00:00,   13.213989,  734.967380
2012-11-29 24:00:00,   13.198140,  734.938664
2012-11-30 12:00:00,   13.182375,  734.911429
2012-11-30 24:00:00,   13.166695,  734.885651
2012-12-01 12:00:00,   13.151100,  734.861302
2012-12-01 24:00:00,   13.135590,  734.838349
2012-12-02 12:00:00,   13.120166,  734.816755
2012-12-02 24:00:00,   13.104828,  734.796484
2012-12-03 12:00:00,   13.089574,  734.777492
2012-12-03 24:00:00,   13.074403,  734.759737
2012-12-04 12:00:00,   13.059315,  734.743175
2012-12-04 24:00:00,   13.044306,  734.727760
2012-12-05 12:00:00,   13.029375,  734.713447
2012-12-05 24:00:00,   13.014520,  734.700190
2012-12-06 12:00:00,   12.999738,  734.687947
2012-12-06 24:00:00,   12.985028,  734.676673
2012-12-07 12:00:00,   12.970385,  734.666326
2012-12-07 24:00:00,   12.955808,  734.656867
2012-12-08 12:00:00,   12.941292,  734.648255
2012-12-08 24:00:00,   12.926836,  734.640451
2012-12-09 12:00:00,   12.912436,  734.633415
2012-12-09 24:00:00,   12.898090,  734.627114
2012-12-10 12:00:00,   12.883794,  734.621510
2012-12-10 24:00:00,   12.869544,  734.616570
2012-12-11 12:00:00,   12.855339,  734.612263
2012-12-11 24:00:00,   12.841174,  734.608555
2012-12-12 12:00:00,   12.827047,  734.605412
2012-12-12 24:00:00,   12.812953,  734.602785
2012-12-13 12:00:00,   12.798887,  734.600588
2012-12-13 24:00:00,   12.784842,  734.598691
2012-12-14 12:00:00,   12.770807,  734.596937
2012-12-14 24:00:00,   12.756770,  734.595161
2012-12-15 12:00:00,   12.742721,  734.593208
2012-12-15 24:00:00,   12.728646,  734.590941
2012-12-16 12:00:00,   12.714534,  734.588247
2012-12-16 24:00:00,   12.700376,  734.585045
2012-12-17 12:00:00,   12.686162,  734.581277
2012-12-17 24:00:00,   12.671886,  734.576912
2012-12-18 12:00:00,   12.657541,  734.571941
2012-12-18 24:00:00,   12.643124,  734.566370
2012-12-19 12:00:00,   12.628631,  734.560080
2012-12-19 24:00:00,   12.614063,  734.553132
2012-12-20 12:00:00,   12.599355,  734.561766
2012-12-20 24:00:00,   12.584406,  734.597122
2012-12-21 12:00:00,   12.569274,  734.648263
2012-12-21 24:00:00,   12.554010,  734.708175
2012-12-22 12:00:00,   12.538659,  734.772452
2012-12-22 24:00:00,   12.523256,  734.838305
2012-12-23 12:00:00,   12.507822,  734.903847
2012-12-23 24:00:00,   12.492369,  734.967835
2012-12-24 12:00:00,   12.476881,  735.029396
2012-12-24 24:00:00,   12.461292,  735.087086
2012-12-25 12:00:00,   12.445554,  735.140321
2012-12-25 24:00:00,   12.429652,  735.189221
2012-12-26 12:00:00,   12.413586,  735.234185
2012-12-26 24:00:00,   12.397361,  735.275676
2012-12-27 12:00:00,   12.380985,  735.314135
2012-12-27 24:00:00,   12.364464,  735.349931
2012-12-28 12:00:00,   12.336672,  735.661208
2012-12-28 24:00:00,   12.310514,  735.872970
2012-12-29 12:00:00,   12.251364,  719.446107
2012-12-29 24:00:00,   12.036671,  718.291541
2012-12-30 12:00:00,   11.824423,  717.166263
2012-12-30 24:00:00,   11.626564,  716.155820
2012-12-31 12:00:00,   11.442247,  715.242732
2012-12-31 24:00:00,   11.271743,  714.427543
2013-01-01 12:00:00,   11.114389,  713.701679
2013-01-01 24:00:00,   10.969385,  713.056899
2013-01-02 12:00:00,   10.835748,  712.483865
2013-01-02 24:00:00,   10.712440,  711.973529
2013-01-03 12:00:00,   10.598441,  711.517578
2013-01-03 24:00:00,   10.492780,  711.108566
2013-01-04 12:00:00,   10.394579,  710.740207
2013-01-04 24:00:00,   10.303033,  710.407053
2013-01-05 12:00:00,   10.217425,  710.104556
2013-01-05 24:00:00,   10.137090,  709.828952
2013-01-06 12:00:00,   10.061409,  709.577249
2013-01-06 24:00:00,    9.989825,  709.346995
2013-01-07 12:00:00,    9.921861,  709.136265
2013-01-07 24:00:00,    9.857104,  708.943403
2013-01-08 12:00:00,    9.795201,  708.767065
2013-01-08 24:00:00,    9.735851,  708.606264
2013-01-09 12:00:00,    9.678553,  708.460057
2013-01-09 24:00:00,    9.621985,  708.326697
2013-01-10 12:00:00,    9.565434,  708.206765
2013-01-10 24:00:00,    9.508917,  708.104803
2013-01-11 12:00:00,    9.452618,  708.023326
2013-01-11 24:00:00,    9.396665,  707.962544
2013-01-12 12:00:00,    9.341221,  707.921399
2013-01-12 24:00:00,    9.286476,  707.898236
2013-01-13 12:00:00,    9.232619,  707.891220
2013-01-13 24:00:00,    9.179818,  707.898522
2013-01-14 12:00:00,    9.128215,  707.918432
2013-01-14 24:00:00,    9.077917,  707.949369
2013-01-15 12:00:00,    9.029002,  707.989937
2013-01-15 24:00:00,    8.981519,  708.038888
2013-01-16 12:00:00,    8.935497,  708.095144
2013-01-16 24:00:00,    8.890943,  708.157767
2013-01-17 12:00:00,    8.847849,  708.225947
2013-01-17 24:00:00,    8.806193,  708.298965
2013-01-18 12:00:00,    8.765943,  708.376193
2013-01-18 24:00:00,    8.727056,  708.457053
2013-01-19 12:00:00,    8.689486,  708.541062
2013-01-19 24:00:00,    8.653184,  708.627799
2013-01-20 12:00:00,    8.618100,  708.716917
2013-01-20 24:00:00,    8.584186,  708.808124
2013-01-21 12:00:00,    8.551393,  708.901175
2013-01-21 24:00:00,    8.519674,  708.995857
2013-01-22 12:00:00,    8.488981,  709.091988
2013-01-22 24:00:00,    8.459269,  709.189401
2013-01-23 12:00:00,    8.430495,  709.287949
2013-01-23 24:00:00,    8.402615,  709.387500
2013-01-24 12:00:00,    8.375589,  709.487931
2013-01-24 24:00:00,    8.349377,  709.589131
2013-01-25 12:00:00,    8.323940,  709.690990
2013-01-25 24:00:00,    8.299242,  709.793401
2013-01-26 12:00:00,    8.275247,  709.896266
2013-01-26 24:00:00,    8.251921,  709.999497
2013-01-27 12:00:00,    8.229232,  710.103013
2013-01-27 24:00:00,    8.207151,  710.206748
2013-01-28 12:00:00,    8.185649,  710.310635
2013-01-28 24:00:00,    8.164699,  710.414617
2013-01-29 12:00:00,    8.144276,  710.518638
2013-01-29 24:00:00,    8.124357,  710.622648
2013-01-30 12:00:00,    8.104918,  710.726595
2013-01-30 24:00:00,    8.085938,  710.830424
2013-01-31 12:00:00,    8.067397,  710.934078
2013-01-31 24:00:00,    8.049273,  711.037496
2013-02-01 12:00:00,    8.031548,  711.140596
2013-02-01 24:00:00,    8.014197,  711.243245
2013-02-02 12:00:00,    7.997188,  711.345177
2013-02-02 24:00:00,    7.980495,  711.446203
2013-02-03 12:00:00,    7.964099,  711.546261
2013-02-03 24:00:00,    7.947982,  711.645287
2013-02-04 12:00:00,    7.932134,  711.743280
2013-02-04 24:00:00,    7.916542,  711.840255
2013-02-05 12:00:00,    7.901202,  711.936251
2013-02-05 24:00:00,    7.886107,  712.031307
2013-02-06 12:00:00,    7.871252,  712.125467
2013-02-06 24:00:00,    7.856636,  712.218771
2013-02-07 12:00:00,    7.842253,  712.311252
2013-02-07 24:00:00,    7.828103,  712.402941
2013-02-08 12:00:00,    7.814181,  712.493857
2013-02-08 24:00:00,    7.800485,  712.584017
2013-02-09 12:00:00,    7.787012,  712.673434
2013-02-09 24:00:00,    7.773759,  712.762112
2013-02-10 12:00:00,    7.760721,  712.850025
2013-02-10 24:00:00,    7.747893,  712.937098
2013-02-11 12:00:00,    7.735268,  713.023251
2013-02-11 24:00:00,    7.722831,  713.108278
2013-02-12 12:00:00,    7.710564,  713.191880
2013-02-12 24:00:00,    7.698444,  713.273745
2013-02-13 12:00:00,    7.686440,  713.353541
2013-02-13 24:00:00,    7.674526,  713.431119
2013-02-14 12:00:00,    7.662684,  713.506554
2013-02-14 24:00:00,    7.650903,  713.580011
2013-02-15 12:00:00,    7.639172,  713.651706
2013-02-15 24:00:00,    7.627482,  713.721818
2013-02-16 12:00:00,    7.615826,  713.790566
2013-02-16 24:00:00,    7.604196,  713.858109
2013-02-17 12:00:00,    7.592585,  713.924603
2013-02-17 24:00:00,    7.580985,  713.990154
2013-02-18 12:00:00,    7.569388,  714.054876
2013-02-18 24:00:00,    7.557786,  714.118842
2013-02-19 12:00:00,    7.546172,  714.182148
2013-02-19 24:00:00,    7.534540,  714.244878
2013-02-20 12:00:00,    7.522886,  714.307125
2013-02-20 24:00:00,    7.511207,  714.368970
2013-02-21 12:00:00,    7.499493,  714.430351
2013-02-21 24:00:00,    7.487735,  714.491210
2013-02-22 12:00:00,    7.475910,  714.551205
2013-02-22 24:00:00,    7.464015,  714.610413
2013-02-23 12:00:00,    7.452049,  714.668883
2013-02-23 24:00:00,    7.440012,  714.726659
2013-02-24 12:00:00,    7.427908,  714.783846
2013-02-24 24:00:00,    7.415743,  714.840523
2013-02-25 12:00:00,    7.403506,  714.896506
2013-02-25 24:00:00,    7.391201,  714.951855
2013-02-26 12:00:00,    7.378706,  715.004596
2013-02-26 24:00:00,    7.366105,  715.056259
2013-02-27 12:00:00,    7.353336,  715.106034
2013-02-27 24:00:00,    7.340164,  715.151133
2013-02-28 12:00:00,    7.324143,  715.159697
2013-02-28 24:00:00,    7.304372,  715.123972
2013-03-01 12:00:00,    7.280257,  715.059414
2013-03-01 24:00:00,    7.257365,  715.026913
2013-03-02 12:00:00,    6.969323,  711.957744
2013-03-02 24:00:00,    7.025191,  713.143930
2013-03-03 12:00:00,    7.058022,  713.916752
2013-03-03 24:00:00,    7.073931,  714.412640
2013-03-04 12:00:00,    7.077311,  714.722918
2013-03-04 24:00:00,    7.072346,  714.921768
2013-03-05 12:00:00,    7.061149,  715.043650
2013-03-05 24:00:00,    7.046055,  715.123417
2013-03-06 12:00:00,    7.028158,  715.174555
2013-03-06 24:00:00,    7.008626,  715.211807
2013-03-07 12:00:00,    6.987794,  715.237151
2013-03-07 24:00:00,    6.966384,  715.259419
2013-03-08 12:00:00,    6.944251,  715.275040
2013-03-08 24:00:00,    6.922003,  715.292514
2013-03-09 12:00:00,    6.899043,  715.304731
2013-03-09 24:00:00,    6.875589,  715.320044
2013-03-10 12:00:00,    6.850810,  715.330832
2013-03-10 24:00:00,    6.824921,  715.344555
2013-03-11 12:00:00,    6.797430,  715.355511
2013-03-11 24:00:00,    6.769515,  715.376015
2013-03-12 12:00:00,    6.741231,  715.402641
2013-03-12 24:00:00,    6.713446,  715.442471
2013-03-13 12:00:00,    6.637290,  715.022603
2013-03-13 24:00:00,    6.586552,  714.895679
2013-03-14 12:00:00,    6.516892,  714.531245
2013-03-14 24:00:00,    6.457661,  714.284974
2013-03-15 12:00:00,    6.402904,  714.087785
2013-03-15 24:00:00,    6.355669,  713.966224
2013-03-16 12:00:00,    6.311510,  713.881150
2013-03-16 24:00:00,    6.271080,  713.845960
2013-03-17 12:00:00,    6.233886,  713.844826
2013-03-17 24:00:00,    6.200903,  713.883620
2013-03-18 12:00:00,    6.213447,  714.457697
2013-03-18 24:00:00,    6.220575,  714.928982
2013-03-19 12:00:00,    6.221800,  715.312845
2013-03-19 24:00:00,    6.219321,  715.648956
2013-03-20 12:00:00,    6.213181,  715.937273
2013-03-20 24:00:00,    6.206455,  716.211427
2013-03-21 12:00:00,    6.197775,  716.456271
2013-03-21 24:00:00,    6.189268,  716.696497
2013-03-22 12:00:00,    6.179591,  716.916405
2013-03-22 24:00:00,    6.170496,  717.136228
2013-03-23 12:00:00,    6.160535,  717.339440
2013-03-23 24:00:00,    6.151391,  717.545081
2013-03-24 12:00:00,    6.141362,  717.734032
2013-03-24 24:00:00,    6.132237,  717.928641
2013-03-25 12:00:00,    6.121589,  718.128083
2013-03-25 24:00:00,    6.109851,  718.352972
2013-03-26 12:00:00,    6.097150,  718.586939
2013-03-26 24:00:00,    6.085459,  718.839409
2013-03-27 12:00:00,    6.074284,  719.095571
2013-03-27 24:00:00,    6.064495,  719.359182
2013-03-28 12:00:00,    6.055686,  719.618158
2013-03-28 24:00:00,    6.048765,  719.877526
2013-03-29 12:00:00,    6.043990,  720.134817
2013-03-29 24:00:00,    6.042583,  720.400695
2013-03-30 12:00:00,    6.043740,  720.668277
2013-03-30 24:00:00,    6.047650,  720.943073
2013-03-31 12:00:00,    6.053056,  721.212398
2013-03-31 24:00:00,    6.060371,  721.483091
2013-04-01 12:00:00,    6.068429,  721.745996
2013-04-01 24:00:00,    6.077351,  722.007696
2013-04-02 12:00:00,    6.087358,  722.263165
2013-04-02 24:00:00,    6.099354,  722.521164
2013-04-03 12:00:00,    6.147314,  722.674421
2013-04-03 24:00:00,    6.186772,  722.934309
2013-04-04 12:00:00,    6.229137,  723.633343
2013-04-04 24:00:00,    6.264289,  724.231268
2013-04-05 12:00:00,    6.291389,  725.068240
2013-04-05 24:00:00,    6.315620,  725.744167
2013-04-06 12:00:00,    6.334217,  726.275371
2013-04-06 24:00:00,    6.350943,  726.730332
2013-04-07 12:00:00,    6.400414,  727.254242
2013-04-07 24:00:00,    6.439462,  727.703703
2013-04-08 12:00:00,    6.501822,  728.184949
2013-04-08 24:00:00,    6.549857,  728.605569
2013-04-09 12:00:00,    6.587620,  728.982036
2013-04-09 24:00:00,    6.617927,  729.326470
2013-04-10 12:00:00,    6.704217,  729.744498
2013-04-10 24:00:00,    6.769619,  730.118059
2013-04-11 12:00:00,    6.842013,  730.687479
2013-04-11 24:00:00,    6.900513,  731.179448
2013-04-12 12:00:00,    6.948623,  731.612939
2013-04-12 24:00:00,    6.988425,  732.003640
2013-04-13 12:00:00,    7.022023,  732.359810
2013-04-13 24:00:00,    7.050509,  732.690825
2013-04-14 12:00:00,    7.075323,  732.998824
2013-04-14 24:00:00,    7.096840,  733.291272
2013-04-15 12:00:00,    7.115922,  733.568194
2013-04-15 24:00:00,    7.132834,  733.834744
2013-04-16 12:00:00,    7.307955,  734.183135
2013-04-16 24:00:00,    7.435647,  734.505706
2013-04-17 12:00:00,    7.522430,  734.986289
2013-04-17 24:00:00,    7.591623,  735.405864
2013-04-18 12:00:00,    7.748725,  735.984767
2013-04-18 24:00:00,    7.862344,  736.453785
2013-04-19 12:00:00,    9.483790,  739.025844
2013-04-19 24:00:00,    9.382162,  739.180902
2013-04-20 12:00:00,    9.783587,  740.525848
2013-04-20 24:00:00,    9.679519,  740.650004
2013-04-21 12:00:00,    9.608810,  740.822708
2013-04-21 24:00:00,    9.550095,  740.999508
2013-04-22 12:00:00,    9.563013,  741.206827
2013-04-22 24:00:00,    9.572157,  741.405753
2013-04-23 12:00:00,   11.254616,  743.472395
2013-04-23 24:00:00,   11.100339,  743.577080
2013-04-24 12:00:00,   11.787145,  745.382123
2013-04-24 24:00:00,   11.653412,  745.417325
2013-04-25 12:00:00,   11.543457,  745.557987
2013-04-25 24:00:00,   11.417335,  745.636797
2013-04-26 12:00:00,   11.312093,  745.725941
2013-04-26 24:00:00,   11.223477,  745.823226
2013-04-27 12:00:00,   11.148123,  745.926876
2013-04-27 24:00:00,   11.083298,  746.035571
2013-04-28 12:00:00,   11.027136,  746.148055
2013-04-28 24:00:00,   10.977969,  746.263480
2013-04-29 12:00:00,   10.934673,  746.380930
2013-04-29 24:00:00,   10.896140,  746.500008
2013-04-30 12:00:00,   10.861655,  746.620107
2013-04-30 24:00:00,   10.830516,  746.740992
2013-05-01 12:00:00,   10.802259,  746.862264
2013-05-01 24:00:00,   10.776427,  746.983785
2013-05-02 12:00:00,   10.752708,  747.105298
2013-05-02 24:00:00,   10.730798,  747.226718
2013-05-03 12:00:00,   10.710586,  747.347623
2013-05-03 24:00:00,   10.691742,  747.468275
2013-05-04 12:00:00,   10.674165,  747.588409
2013-05-04 24:00:00,   10.657659,  747.708152
2013-05-05 12:00:00,   10.642133,  747.827372
2013-05-05 24:00:00,   10.627466,  747.946102
2013-05-06 12:00:00,   10.613577,  748.064300
2013-05-06 24:00:00,   10.600389,  748.181956
2013-05-07 12:00:00,   10.587838,  748.299056
2013-05-07 24:00:00,   10.575867,  748.415590
2013-05-08 12:00:00,   10.564438,  748.531500
2013-05-08 24:00:00,   10.553497,  748.646823
2013-05-09 12:00:00,   10.543011,  748.761538
2013-05-09 24:00:00,   10.532940,  748.875660
2013-05-10 12:00:00,   10.523273,  748.989104
2013-05-10 24:00:00,   10.513967,  749.101946
2013-05-11 12:00:00,   10.493223,  749.272548
2013-05-11 24:00:00,   10.474396,  749.433558
2013-05-12 12:00:00,   10.457259,  749.586615
2013-05-12 24:00:00,   10.441529,  749.733482
2013-05-13 12:00:00,   10.427022,  749.875245
2013-05-13 24:00:00,   10.413571,  750.012823
2013-05-14 12:00:00,   10.473795,  750.186015
2013-05-14 24:00:00,   10.523529,  750.356020
2013-05-15 12:00:00,   12.316760,  755.270198
2013-05-15 24:00:00,   12.305846,  755.298043
2013-05-16 12:00:00,   12.486406,  756.797080
2013-05-16 24:00:00,   12.466803,  756.839130
2013-05-17 12:00:00,   12.603312,  758.312797
2013-05-17 24:00:00,   12.585142,  758.343822
2013-05-18 12:00:00,   12.773093,  759.357932
2013-05-18 24:00:00,   12.761390,  759.376893
2013-05-19 12:00:00,   12.949727,  759.848719
2013-05-19 24:00:00,   12.918839,  759.866209
2013-05-20 12:00:00,   13.058714,  760.346801
2013-05-20 24:00:00,   12.992532,  760.369809
2013-05-21 12:00:00,   13.237992,  760.889914
2013-05-21 24:00:00,   13.154930,  760.906236
2013-05-22 12:00:00,   13.080845,  760.938265
2013-05-22 24:00:00,   13.014283,  760.982522
2013-05-23 12:00:00,   12.954136,  761.036322
2013-05-23 24:00:00,   12.899393,  761.097660
2013-05-24 12:00:00,   12.849367,  761.164910
2013-05-24 24:00:00,   12.803313,  761.236921
2013-05-25 12:00:00,   12.781744,  761.279390
2013-05-25 24:00:00,   12.759450,  761.329376
2013-05-26 12:00:00,   12.736689,  761.385723
2013-05-26 24:00:00,   12.713723,  761.447059
2013-05-27 12:00:00,   12.690707,  761.512789
2013-05-27 24:00:00,   12.667817,  761.581876
2013-05-28 12:00:00,   12.645214,  761.653678
2013-05-28 24:00:00,   12.622927,  761.727799
2013-05-29 12:00:00,   12.601051,  761.803799
2013-05-29 24:00:00,   12.579586,  761.881437
2013-05-30 12:00:00,   12.558609,  761.960381
2013-05-30 24:00:00,   12.538083,  762.040510
2013-05-31 12:00:00,   12.517768,  762.123082
2013-05-31 24:00:00,   12.497959,  762.206329
2013-06-01 12:00:00,   12.478549,  762.291035
2013-06-01 24:00:00,   12.459655,  762.376118
2013-06-02 12:00:00,   12.441309,  762.461599
2013-06-02 24:00:00,   12.423453,  762.547341
2013-06-03 12:00:00,   12.406113,  762.633194
2013-06-03 24:00:00,   12.389230,  762.719222
2013-06-04 12:00:00,   12.372841,  762.805249
2013-06-04 24:00:00,   12.356880,  762.891369
2013-06-05 12:00:00,   12.341385,  762.977406
2013-06-05 24:00:00,   12.326288,  763.063476
2013-06-06 12:00:00,   12.311681,  763.149583
2013-06-06 24:00:00,   12.298064,  763.236027
2013-06-07 12:00:00,   12.415194,  763.420904
2013-06-07 24:00:00,   12.514423,  763.595580
2013-06-08 12:00:00,   12.691450,  763.786371
2013-06-08 24:00:00,   12.840522,  763.961935
2013-06-09 12:00:00,   12.976168,  764.179383
2013-06-09 24:00:00,   13.084643,  764.376662
2013-06-10 12:00:00,   13.234112,  764.598135
2013-06-10 24:00:00,   13.336878,  764.800775
2013-06-11 12:00:00,   13.448006,  764.987536
2013-06-11 24:00:00,   13.532207,  765.158861
2013-06-12 12:00:00,   13.537998,  765.356039
2013-06-12 24:00:00,   13.541960,  765.534779
2013-06-13 12:00:00,   13.556381,  765.724716
2013-06-13 24:00:00,   13.564411,  765.898883
2013-06-14 12:00:00,   15.140037,  765.332481
2013-06-14 24:00:00,   15.035272,  765.424493
2013-06-15 12:00:00,   16.355915,  763.718626
2013-06-15 24:00:00,   16.319076,  763.650781
2013-06-16 12:00:00,   16.283743,  763.563291
2013-06-16 24:00:00,   16.249886,  763.495273
2013-06-17 12:00:00,   16.219787,  763.426896
2013-06-17 24:00:00,   16.190406,  763.372821
2013-06-18 12:00:00,   16.163071,  763.324856
2013-06-18 24:00:00,   16.136179,  763.287006
2013-06-19 12:00:00,   16.111336,  763.249628
2013-06-19 24:00:00,   16.086672,  763.220281
2013-06-20 12:00:00,   16.064021,  763.189139
2013-06-20 24:00:00,   16.041350,  763.164360
2013-06-21 12:00:00,   16.019380,  763.141907
2013-06-21 24:00:00,   15.997543,  763.121200
2013-06-22 12:00:00,   15.976043,  763.100588
2013-06-22 24:00:00,   15.954874,  763.078438
2013-06-23 12:00:00,   15.934124,  763.053650
2013-06-23 24:00:00,   15.913843,  763.026015
2013-06-24 12:00:00,   15.894063,  762.995805
2013-06-24 24:00:00,   15.874801,  762.963444
2013-06-25 12:00:00,   15.856066,  762.929403
2013-06-25 24:00:00,   15.837862,  762.894116
2013-06-26 12:00:00,   15.820151,  762.858688
2013-06-26 24:00:00,   15.802739,  762.826700
2013-06-27 12:00:00,   15.785487,  762.800236
2013-06-27 24:00:00,   15.768343,  762.779638
2013-06-28 12:00:00,   15.751316,  762.764376
2013-06-28 24:00:00,   15.734449,  762.753571
2013-06-29 12:00:00,   15.717895,  762.745906
2013-06-29 24:00:00,   15.701712,  762.740923
2013-06-30 12:00:00,   15.686227,  762.737254
2013-06-30 24:00:00,   15.671379,  762.735850
2013-07-01 12:00:00,   15.657711,  762.736515
2013-07-01 24:00:00,   15.646961,  762.739279
2013-07-02 12:00:00,   15.639933,  762.745479
2013-07-02 24:00:00,   15.635977,  762.758629
2013-07-03 12:00:00,   15.683972,  762.610908
2013-07-03 24:00:00,   15.710498,  762.576608
2013-07-04 12:00:00,   15.725132,  762.598647
2013-07-04 24:00:00,   15.732202,  762.652195
2013-07-05 12:00:00,   15.771455,  762.595964
2013-07-05 24:00:00,   15.790747,  762.628129
2013-07-06 12:00:00,   15.798465,  762.702445
2013-07-06 24:00:00,   15.799717,  762.795329
2013-07-07 12:00:00,   15.797555,  762.895197
2013-07-07 24:00:00,   15.793759,  762.996657
2013-07-08 12:00:00,   15.789337,  763.097438
2013-07-08 24:00:00,   15.784825,  763.196769
2013-07-09 12:00:00,   15.780486,  763.294565
2013-07-09 24:00:00,   15.776422,  763.391009
2013-07-10 12:00:00,   15.772650,  763.486362
2013-07-10 24:00:00,   15.769144,  763.580868
2013-07-11 12:00:00,   15.765856,  763.674731
2013-07-11 24:00:00,   15.762737,  763.768103
2013-07-12 12:00:00,   15.759738,  763.861093
2013-07-12 24:00:00,   15.756817,  763.953768
2013-07-13 12:00:00,   15.753938,  764.046171
2013-07-13 24:00:00,   15.751073,  764.138319
2013-07-14 12:00:00,   15.748201,  764.230218
2013-07-14 24:00:00,   15.745306,  764.321864
2013-07-15 12:00:00,   15.742377,  764.413248
2013-07-15 24:00:00,   15.739406,  764.504360
2013-07-16 12:00:00,   15.736388,  764.595184
2013-07-16 24:00:00,   15.733320,  764.685709
2013-07-17 12:00:00,   15.730204,  764.775920
2013-07-17 24:00:00,   15.727038,  764.865808
2013-07-18 12:00:00,   15.723824,  764.955359
2013-07-18 24:00:00,   15.720566,  765.044564
2013-07-19 12:00:00,   15.717265,  765.133414
2013-07-19 24:00:00,   15.713926,  765.221903
2013-07-20 12:00:00,   15.710551,  765.310020
2013-07-20 24:00:00,   15.707143,  765.397764
2013-07-21 12:00:00,   15.703707,  765.485126
2013-07-21 24:00:00,   15.700246,  765.572106
2013-07-22 12:00:00,   15.696763,  765.658712
2013-07-22 24:00:00,   15.693258,  765.744962
2013-07-23 12:00:00,   15.689732,  765.830884
2013-07-23 24:00:00,   15.686183,  765.916503
2013-07-24 12:00:00,   15.682612,  766.001846
2013-07-24 24:00:00,   15.679019,  766.086933
2013-07-25 12:00:00,   15.675421,  766.171676
2013-07-25 24:00:00,   15.671831,  766.255994
2013-07-26 12:00:00,   15.668265,  766.339834
2013-07-26 24:00:00,   15.664735,  766.423137
2013-07-27 12:00:00,   15.661243,  766.505918
2013-07-27 24:00:00,   15.657790,  766.588196
2013-07-28 12:00:00,   15.654372,  766.669989
2013-07-28 24:00:00,   15.650990,  766.751298
2013-07-29 12:00:00,   15.647643,  766.832130
2013-07-29 24:00:00,   15.644329,  766.912497
2013-07-30 12:00:00,   15.641045,  766.992407
2013-07-30 24:00:00,   15.637791,  767.071873
2013-07-31 12:00:00,   15.634563,  767.150903
2013-07-31 24:00:00,   15.631360,  767.229506
2013-08-01 12:00:00,   15.628179,  767.307690
2013-08-01 24:00:00,   15.625017,  767.385466
2013-08-02 12:00:00,   15.621874,  767.462842
2013-08-02 24:00:00,   15.618749,  767.539829
2013-08-03 12:00:00,   15.615639,  767.616432
2013-08-03 24:00:00,   15.612544,  767.692650
2013-08-04 12:00:00,   15.609464,  767.768466
2013-08-04 24:00:00,   15.606406,  767.843844
2013-08-05 12:00:00,   15.603371,  767.918763
2013-08-05 24:00:00,   15.600360,  767.993226
2013-08-06 12:00:00,   15.597372,  768.067239
2013-08-06 24:00:00,   15.594403,  768.140821
2013-08-07 12:00:00,   15.591454,  768.213992
2013-08-07 24:00:00,   15.588520,  768.286776
2013-08-08 12:00:00,   15.585601,  768.359195
2013-08-08 24:00:00,   15.582690,  768.431278
2013-08-09 12:00:00,   15.579789,  768.503047
2013-08-09 24:00:00,   15.576892,  768.574527
2013-08-10 12:00:00,   15.574000,  768.645739
2013-08-10 24:00:00,   15.571114,  768.716700
2013-08-11 12:00:00,   15.599760,  768.645866
2013-08-11 24:00:00,   15.612852,  768.665193
2013-08-12 12:00:00,   15.616785,  768.726940
2013-08-12 24:00:00,   15.615510,  768.806560
2013-08-13 12:00:00,   15.611443,  768.891822
2013-08-13 24:00:00,   15.606034,  768.976946
2013-08-14 12:00:00,   15.600140,  769.059457
2013-08-14 24:00:00,   15.594251,  769.138529
2013-08-15 12:00:00,   15.588624,  769.214117
2013-08-15 24:00:00,   15.583383,  769.286509
2013-08-16 12:00:00,   15.578575,  769.356107
2013-08-16 24:00:00,   15.574197,  769.423327
2013-08-17 12:00:00,   15.570226,  769.488549
2013-08-17 24:00:00,   15.566624,  769.552102
2013-08-18 12:00:00,   15.563352,  769.614263
2013-08-18 24:00:00,   15.560365,  769.675263
2013-08-19 12:00:00,   15.557627,  769.735292
2013-08-19 24:00:00,   15.555103,  769.794503
2013-08-20 12:00:00,   15.552760,  769.853024
2013-08-20 24:00:00,   15.550570,  769.910956
2013-08-21 12:00:00,   15.548508,  769.968384
2013-08-21 24:00:00,   15.546552,  770.025373
2013-08-22 12:00:00,   15.544684,  770.081979
2013-08-22 24:00:00,   15.542886,  770.138249
2013-08-23 12:00:00,   15.541146,  770.194217
2013-08-23 24:00:00,   15.539452,  770.249916
2013-08-24 12:00:00,   15.537793,  770.305371
2013-08-24 24:00:00,   15.536161,  770.360604
2013-08-25 12:00:00,   15.534548,  770.415635
2013-08-25 24:00:00,   15.532947,  770.470478
2013-08-26 12:00:00,   15.531352,  770.525150
2013-08-26 24:00:00,   15.529758,  770.579663
2013-08-27 12:00:00,   15.528161,  770.634028
2013-08-27 24:00:00,   15.526560,  770.688255
2013-08-28 12:00:00,   15.524951,  770.742353
2013-08-28 24:00:00,   15.523332,  770.796331
2013-08-29 12:00:00,   15.521699,  770.850197
2013-08-29 24:00:00,   15.520050,  770.903956
2013-08-30 12:00:00,   15.518385,  770.957615
2013-08-30 24:00:00,   15.516705,  771.011178
2013-08-31 12:00:00,   15.515008,  771.064651
2013-08-31 24:00:00,   15.513291,  771.118037
2013-09-01 12:00:00,   15.511555,  771.171337
2013-09-01 24:00:00,   15.509800,  771.224556
2013-09-02 12:00:00,   15.508026,  771.277695
2013-09-02 24:00:00,   15.506232,  771.330755
2013-09-03 12:00:00,   15.504419,  771.383737
2013-09-03 24:00:00,   15.502587,  771.436643
2013-09-04 12:00:00,   15.500736,  771.489473
2013-09-04 24:00:00,   15.498867,  771.542228
2013-09-05 12:00:00,   15.496980,  771.594910
2013-09-05 24:00:00,   15.495073,  771.647520
2013-09-06 12:00:00,   15.493148,  771.700060
2013-09-06 24:00:00,   15.491207,  771.752529
2013-09-07 12:00:00,   15.489249,  771.804932
2013-09-07 24:00:00,   15.487274,  771.857268
2013-09-08 12:00:00,   15.485282,  771.909540
2013-09-08 24:00:00,   15.483274,  771.961750
2013-09-09 12:00:00,   15.481250,  772.013899
2013-09-09 24:00:00,   15.479212,  772.065989
2013-09-10 12:00:00,   15.477160,  772.118019
2013-09-10 24:00:00,   15.475091,  772.169993
2013-09-11 12:00:00,   15.473009,  772.221911
2013-09-11 24:00:00,   15.470916,  772.273772
2013-09-12 12:00:00,   15.468811,  772.325578
2013-09-12 24:00:00,   15.466693,  772.377329
2013-09-13 12:00:00,   15.464563,  772.429025
2013-09-13 24:00:00,   15.462423,  772.480667
2013-09-14 12:00:00,   15.460272,  772.532252
2013-09-14 24:00:00,   15.458111,  772.583783
2013-09-15 12:00:00,   15.455941,  772.635255
2013-09-15 24:00:00,   15.453764,  772.686666
2013-09-16 12:00:00,   15.451578,  772.738009
2013-09-16 24:00:00,   15.449383,  772.789276
2013-09-17 12:00:00,   15.447182,  772.840455
2013-09-17 24:00:00,   15.444978,  772.891536
2013-09-18 12:00:00,   15.442768,  772.942508
2013-09-18 24:00:00,   15.440556,  772.993355
2013-09-19 12:00:00,   15.438340,  773.044067
2013-09-19 24:00:00,   15.436122,  773.094629
2013-09-20 12:00:00,   15.433903,  773.145031
2013-09-20 24:00:00,   15.431683,  773.195259
2013-09-21 12:00:00,   15.429463,  773.245304
2013-09-21 24:00:00,   15.427243,  773.295157
2013-09-22 12:00:00,   15.425023,  773.344805
2013-09-22 24:00:00,   15.422805,  773.394245
2013-09-23 12:00:00,   15.420589,  773.443466
2013-09-23 24:00:00,   15.418376,  773.492463
2013-09-24 12:00:00,   15.416166,  773.541230
2013-09-24 24:00:00,   15.413958,  773.589762
2013-09-25 12:00:00,   15.411753,  773.638060
2013-09-25 24:00:00,   15.409551,  773.686117
2013-09-26 12:00:00,   15.407352,  773.733936
2013-09-26 24:00:00,   15.405156,  773.781515
2013-09-27 12:00:00,   15.402964,  773.828858
2013-09-27 24:00:00,   15.400774,  773.875967
2013-09-28 12:00:00,   15.398588,  773.922847
2013-09-28 24:00:00,   15.396407,  773.969503
2013-09-29 12:00:00,   15.394230,  774.015939
2013-09-29 24:00:00,   15.392058,  774.062163
2013-09-30 12:00:00,   15.389889,  774.108181
2013-09-30 24:00:00,   15.387724,  774.153999
2013-10-01 12:00:00,   15.385564,  774.199625
2013-10-01 24:00:00,   15.383408,  774.245065
2013-10-02 12:00:00,   15.381257,  774.290325
2013-10-02 24:00:00,   15.379110,  774.335413
2013-10-03 12:00:00,   15.376968,  774.380333
2013-10-03 24:00:00,   15.374831,  774.425093
2013-10-04 12:00:00,   15.372699,  774.469699
2013-10-04 24:00:00,   15.370570,  774.514169
2013-10-05 12:00:00,   15.368445,  774.558540
2013-10-05 24:00:00,   15.366325,  774.602871
2013-10-06 12:00:00,   15.364209,  774.647244
2013-10-06 24:00:00,   15.362095,  774.691753
2013-10-07 12:00:00,   15.359985,  774.736483
2013-10-07 24:00:00,   15.357882,  774.781518
2013-10-08 12:00:00,   15.355788,  774.826928
2013-10-08 24:00:00,   15.353709,  774.872773
2013-10-09 12:00:00,   15.351643,  774.919109
2013-10-09 24:00:00,   15.349594,  774.965982
2013-10-10 12:00:00,   15.347561,  775.013433
2013-10-10 24:00:00,   15.345544,  775.061493
2013-10-11 12:00:00,   15.343543,  775.110187
2013-10-11 24:00:00,   15.341557,  775.159530
2013-10-12 12:00:00,   15.339584,  775.209534
2013-10-12 24:00:00,   15.337618,  775.260201
2013-10-13 12:00:00,   15.335658,  775.311530
2013-10-13 24:00:00,   15.333703,  775.363515
2013-10-14 12:00:00,   15.331746,  775.416145
2013-10-14 24:00:00,   15.329785,  775.469409
2013-10-15 12:00:00,   15.327813,  775.523295
2013-10-15 24:00:00,   15.325823,  775.577789
2013-10-16 12:00:00,   15.323809,  775.632875
2013-10-16 24:00:00,   15.321764,  775.688536
2013-10-17 12:00:00,   15.319680,  775.744760
2013-10-17 24:00:00,   15.317551,  775.801530
2013-10-18 12:00:00,   15.315366,  775.858832
2013-10-18 24:00:00,   15.313117,  775.916649
2013-10-19 12:00:00,   15.310795,  775.974967
2013-10-19 24:00:00,   15.308390,  776.033772
2013-10-20 12:00:00,   15.305893,  776.093049
2013-10-20 24:00:00,   15.303295,  776.152784
2013-10-21 12:00:00,   15.300585,  776.212963
2013-10-21 24:00:00,   15.297754,  776.273572
2013-10-22 12:00:00,   15.294792,  776.334597
2013-10-22 24:00:00,   15.291687,  776.396028
2013-10-23 12:00:00,   15.288432,  776.457851
2013-10-23 24:00:00,   15.285017,  776.520054
2013-10-24 12:00:00,   15.281433,  776.582626
2013-10-24 24:00:00,   15.277672,  776.645559
2013-10-25 12:00:00,   15.273725,  776.708843
2013-10-25 24:00:00,   15.269585,  776.772466
2013-10-26 12:00:00,   15.265244,  776.836420
2013-10-26 24:00:00,   15.260694,  776.900697
2013-10-27 12:00:00,   15.255923,  776.965291
2013-10-27 24:00:00,   15.250910,  777.030204
2013-10-28 12:00:00,   15.245630,  777.095438
2013-10-28 24:00:00,   15.240054,  777.160992
2013-10-29 12:00:00,   15.234148,  777.226870
2013-10-29 24:00:00,   15.227879,  777.293064
2013-10-30 12:00:00,   15.221208,  777.359566
2013-10-30 24:00:00,   15.214097,  777.426355
2013-10-31 12:00:00,   15.206509,  777.493413
2013-10-31 24:00:00,   15.198410,  777.560716
2013-11-01 12:00:00,   15.189771,  777.628245
2013-11-01 24:00:00,   15.180568,  777.695985
2013-11-02 12:00:00,   15.170782,  777.763919
2013-11-02 24:00:00,   15.160403,  777.832036
2013-11-03 12:00:00,   15.149420,  777.900324
2013-11-03 24:00:00,   15.137830,  777.968777
2013-11-04 12:00:00,   15.125629,  778.037381
2013-11-04 24:00:00,   15.112812,  778.106126
2013-11-05 12:00:00,   15.099376,  778.174998
2013-11-05 24:00:00,   15.085318,  778.243987
2013-11-06 12:00:00,   15.070636,  778.313085
2013-11-06 24:00:00,   15.055326,  778.382280
2013-11-07 12:00:00,   15.039388,  778.451565
2013-11-07 24:00:00,   15.022822,  778.520936
2013-11-08 12:00:00,   15.005631,  778.590387
2013-11-08 24:00:00,   14.987818,  778.659913
2013-11-09 12:00:00,   14.969388,  778.729510
2013-11-09 24:00:00,   14.950348,  778.799175
2013-11-10 12:00:00,   14.930715,  778.868900
2013-11-10 24:00:00,   14.910508,  778.938678
2013-11-11 12:00:00,   14.889754,  779.008496
2013-11-11 24:00:00,   14.868487,  779.078341
2013-11-12 12:00:00,   14.846743,  779.148195
2013-11-12 24:00:00,   14.824561,  779.218042
2013-11-13 12:00:00,   14.801985,  779.287862
2013-11-13 24:00:00,   14.779063,  779.357638
2013-11-14 12:00:00,   14.755837,  779.427353
2013-11-14 24:00:00,   14.732353,  779.496991
2013-11-15 12:00:00,   14.708655,  779.566538
2013-11-15 24:00:00,   14.684786,  779.635984
2013-11-16 12:00:00,   14.660788,  779.705315
2013-11-16 24:00:00,   14.636699,  779.774523
2013-11-17 12:00:00,   14.612557,  779.843602
2013-11-17 24:00:00,   14.588394,  779.912543
2013-11-18 12:00:00,   14.564242,  779.981344
2013-11-18 24:00:00,   14.540131,  780.049998
2013-11-19 12:00:00,   14.516088,  780.118503
2013-11-19 24:00:00,   14.492135,  780.186857
2013-11-20 12:00:00,   14.468294,  780.255059
2013-11-20 24:00:00,   14.444585,  780.323106
2013-11-21 12:00:00,   14.421024,  780.390997
2013-11-21 24:00:00,   14.397626,  780.458733
2013-11-22 12:00:00,   14.374404,  780.526312
2013-11-22 24:00:00,   14.351369,  780.593734
2013-11-23 12:00:00,   14.328532,  780.660997
2013-11-23 24:00:00,   14.305902,  780.728104
2013-11-24 12:00:00,   14.283485,  780.795054
2013-11-24 24:00:00,   14.261288,  780.861848
2013-11-25 12:00:00,   14.239314,  780.928484
2013-11-25 24:00:00,   14.217568,  780.994964
2013-11-26 12:00:00,   14.196053,  781.061288
2013-11-26 24:00:00,   14.174770,  781.127455
2013-11-27 12:00:00,   14.153722,  781.193468
2013-11-27 24:00:00,   14.132908,  781.259325
2013-11-28 12:00:00,   14.112331,  781.325026
2013-11-28 24:00:00,   14.091990,  781.390555
2013-11-29 12:00:00,   14.066961,  781.262212
2013-11-29 24:00:00,   14.043040,  781.175025
2013-11-30 12:00:00,   14.020089,  781.118843
2013-11-30 24:00:00,   13.997986,  781.086426
2013-12-01 12:00:00,   13.976630,  781.072341
2013-12-01 24:00:00,   13.955933,  781.072463
2013-12-02 12:00:00,   13.935818,  781.083684
2013-12-02 24:00:00,   13.916217,  781.103614
2013-12-03 12:00:00,   13.897069,  781.130413
2013-12-03 24:00:00,   13.878321,  781.162651
2013-12-04 12:00:00,   13.859925,  781.199231
2013-12-04 24:00:00,   13.841839,  781.239290
2013-12-05 12:00:00,   13.824028,  781.282159
2013-12-05 24:00:00,   13.806457,  781.327307
2013-12-06 12:00:00,   13.789099,  781.374317
2013-12-06 24:00:00,   13.771929,  781.422854
2013-12-07 12:00:00,   13.754923,  781.472649
2013-12-07 24:00:00,   13.738062,  781.523486
2013-12-08 12:00:00,   13.721328,  781.575185
2013-12-08 24:00:00,   13.704705,  781.627596
2013-12-09 12:00:00,   13.688181,  781.680598
2013-12-09 24:00:00,   13.671741,  781.734080
2013-12-10 12:00:00,   13.655375,  781.787952
2013-12-10 24:00:00,   13.639073,  781.842133
2013-12-11 12:00:00,   13.622825,  781.896556
2013-12-11 24:00:00,   13.606624,  781.951156
2013-12-12 12:00:00,   13.590459,  782.005874
2013-12-12 24:00:00,   13.574318,  782.060639
2013-12-13 12:00:00,   13.558184,  782.115361
2013-12-13 24:00:00,   13.542037,  782.169967
2013-12-14 12:00:00,   13.525863,  782.224403
2013-12-14 24:00:00,   13.509653,  782.278642
2013-12-15 12:00:00,   13.493401,  782.332666
2013-12-15 24:00:00,   13.477100,  782.386454
2013-12-16 12:00:00,   13.460743,  782.439970
2013-12-16 24:00:00,   13.444326,  782.493185
2013-12-17 12:00:00,   13.427846,  782.546090
2013-12-17 24:00:00,   13.411300,  782.598667
2013-12-18 12:00:00,   13.394686,  782.650890
2013-12-18 24:00:00,   13.378000,  782.702721
2013-12-19 12:00:00,   13.361236,  782.754104
2013-12-19 24:00:00,   13.344388,  782.804985
2013-12-20 12:00:00,   13.327448,  782.855310
2013-12-20 24:00:00,   13.310411,  782.905033
2013-12-21 12:00:00,   13.293272,  782.954121
2013-12-21 24:00:00,   13.276028,  783.002551
2013-12-22 12:00:00,   13.258678,  783.050307
2013-12-22 24:00:00,   13.241219,  783.097381
2013-12-23 12:00:00,   13.223650,  783.143771
2013-12-23 24:00:00,   13.205970,  783.189469
2013-12-24 12:00:00,   13.188174,  783.234433
2013-12-24 24:00:00,   13.170260,  783.278641
2013-12-25 12:00:00,   13.152219,  783.321883
2013-12-25 24:00:00,   13.134046,  783.364281
2013-12-26 12:00:00,   13.115746,  783.405908
2013-12-26 24:00:00,   13.097316,  783.446808
2013-12-27 12:00:00,   13.078758,  783.487062
2013-12-27 24:00:00,   13.060071,  783.526728
2013-12-28 12:00:00,   13.041250,  783.565848
2013-12-28 24:00:00,   13.022286,  783.604453
2013-12-29 12:00:00,   13.003166,  783.642567
2013-12-29 24:00:00,   12.983871,  783.680212
2013-12-30 12:00:00,   12.964365,  783.717229
2013-12-30 24:00:00,   12.944605,  783.753613
2013-12-31 12:00:00,   12.924266,  783.784465
2013-12-31 24:00:00,   12.903415,  783.814528
